hex_code,flight_number,recorded_at_utc,latitude,longitude,altitude_raw,gap_seconds,is_stale
a483a2,1,2026-10-02 00:53:03.56,45.538239,-122.94754,175,0.57,false
a483a2,1,2026-10-02 00:53:04.7,45.538651,-122.947998,175,1.14,false
a483a2,1,2026-10-02 00:53:05.7,45.539121,-122.948467,175,1.0,false
a483a2,1,2026-10-02 00:53:06.49,45.539447,-122.948869,175,0.79,false
a483a2,1,2026-10-02 00:53:07.58,45.539959,-122.949405,175,1.09,false
a483a2,1,2026-10-02 00:53:08.02,45.540207,-122.949633,175,0.44,false
a483a2,1,2026-10-02 00:53:08.93,45.54071,-122.950156,175,0.91,false
a483a2,1,2026-10-02 00:53:10.42,45.541443,-122.950941,175,1.49,false
a483a2,1,2026-10-02 00:53:10.94,45.541682,-122.951214,175,0.52,false
a483a2,1,2026-10-02 00:53:11.73,45.542147,-122.951682,175,0.79,false
a483a2,1,2026-10-02 00:53:12.69,45.542706,-122.952285,200,0.96,false
a483a2,1,2026-10-02 00:53:13.78,45.54332,-122.952968,250,1.09,false
a483a2,1,2026-10-02 00:53:14.75,45.54387,-122.953491,275,0.97,false
a483a2,1,2026-10-02 00:53:15.8,45.544475,-122.954094,300,1.05,false
a483a2,1,2026-10-02 00:53:16.58,45.545013,-122.954668,325,0.78,false
a483a2,1,2026-10-02 00:53:17.72,45.545685,-122.955367,375,1.14,false
a483a2,1,2026-10-02 00:53:18.59,45.546249,-122.955911,425,0.87,false
a483a2,1,2026-10-02 00:53:19.73,45.546942,-122.956581,475,1.14,false
a483a2,1,2026-10-02 00:53:20.68,45.547623,-122.95731,500,0.95,false
a483a2,1,2026-10-02 00:53:21.69,45.548309,-122.957913,550,1.01,false
a483a2,1,2026-10-02 00:53:22.69,45.548897,-122.958504,600,1.0,false
a483a2,1,2026-10-02 00:53:23.88,45.549689,-122.959259,650,1.19,false
a483a2,1,2026-10-02 00:53:24.93,45.550323,-122.959855,700,1.05,false
a483a2,1,2026-10-02 00:53:25.76,45.550946,-122.960426,750,0.83,false
a483a2,1,2026-10-02 00:53:26.59,45.551559,-122.961061,775,0.83,false
a483a2,1,2026-10-02 00:53:27.72,45.552342,-122.9618,825,1.13,false
a483a2,1,2026-10-02 00:53:28.77,45.553116,-122.962602,875,1.05,false
a483a2,1,2026-10-02 00:53:30.16,45.554204,-122.963654,975,1.39,false
a483a2,1,2026-10-02 00:53:31.13,45.554949,-122.964409,1000,0.97,false
a483a2,1,2026-10-02 00:53:32.03,45.555554,-122.964958,1050,0.9,false
a483a2,1,2026-10-02 00:53:32.95,45.556299,-122.965714,1100,0.92,false
a483a2,1,2026-10-02 00:53:34.1,45.557144,-122.966554,1150,1.15,false
a483a2,1,2026-10-02 00:53:35.18,45.557922,-122.967358,1200,1.08,false
a483a2,1,2026-10-02 00:53:36.24,45.558767,-122.968185,1250,1.06,false
a483a2,1,2026-10-02 00:53:37.22,45.559558,-122.969009,1300,0.98,false
a483a2,1,2026-10-02 00:53:38.2,45.560303,-122.969765,1350,0.98,false
a483a2,1,2026-10-02 00:53:39.3,45.561048,-122.97052,1425,1.1,false
a483a2,1,2026-10-02 00:53:40.32,45.561905,-122.971377,1475,1.02,false
a483a2,1,2026-10-02 00:53:41.31,45.562683,-122.972114,1525,0.99,false
a483a2,1,2026-10-02 00:53:42.25,45.563329,-122.972786,1575,0.94,false
a483a2,1,2026-10-02 00:53:43.28,45.56412,-122.97361,1600,1.03,false
a483a2,1,2026-10-02 00:53:44.21,45.564865,-122.974365,1650,0.93,false
a483a2,1,2026-10-02 00:53:45.08,45.565521,-122.975062,1700,0.87,false
a483a2,1,2026-10-02 00:53:46.02,45.566215,-122.975807,1750,0.94,false
a483a2,1,2026-10-02 00:53:46.97,45.56696,-122.976562,1800,0.95,false
a483a2,1,2026-10-02 00:53:48.03,45.567751,-122.977318,1850,1.06,false
a483a2,1,2026-10-02 00:53:49.18,45.568542,-122.97821,1900,1.15,false
a483a2,1,2026-10-02 00:53:50.11,45.569321,-122.979014,1950,0.93,false
a483a2,1,2026-10-02 00:53:51.33,45.570236,-122.979952,2000,1.22,false
a483a2,1,2026-10-02 00:53:52.22,45.570917,-122.980614,2050,0.89,false
a483a2,1,2026-10-02 00:53:53.17,45.571661,-122.981438,2100,0.95,false
a483a2,1,2026-10-02 00:53:54.27,45.572453,-122.982193,2125,1.1,false
a483a2,1,2026-10-02 00:53:55.27,45.573257,-122.983101,2175,1.0,false
a483a2,1,2026-10-02 00:53:56.19,45.573943,-122.983772,2225,0.92,false
a483a2,1,2026-10-02 00:53:57.36,45.574814,-122.984708,2275,1.17,false
a483a2,1,2026-10-02 00:53:58.19,45.575479,-122.98542,2325,0.83,false
a483a2,1,2026-10-02 00:53:59.17,45.57627,-122.986244,2350,0.98,false
a483a2,1,2026-10-02 00:54:00.12,45.577015,-122.987,2400,0.95,false
a483a2,1,2026-10-02 00:54:01.16,45.577806,-122.987823,2450,1.04,false
a483a2,1,2026-10-02 00:54:02.07,45.578476,-122.988594,2500,0.91,false
a483a2,1,2026-10-02 00:54:02.95,45.579156,-122.989334,2525,0.88,false
a483a2,1,2026-10-02 00:54:04.29,45.58017,-122.990403,2600,1.34,false
a483a2,1,2026-10-02 00:54:05.83,45.581344,-122.991669,2675,1.54,false
a483a2,1,2026-10-02 00:54:07.4,45.582555,-122.992973,2750,1.57,false
a483a2,1,2026-10-02 00:54:09.22,45.584015,-122.994623,2825,1.82,false
a483a2,1,2026-10-02 00:54:10.33,45.584836,-122.995583,2900,1.11,false
a483a2,1,2026-10-02 00:54:12.49,45.586395,-122.997437,2975,2.16,false
a483a2,1,2026-10-02 00:54:14.04,45.587489,-122.998947,3050,1.55,false
a483a2,1,2026-10-02 00:54:15.15,45.588327,-123.000114,3125,1.11,false
a483a2,1,2026-10-02 00:54:16.96,45.589584,-123.001968,3225,1.81,false
a483a2,1,2026-10-02 00:54:18.97,45.590888,-123.004234,3325,2.01,false
a483a2,1,2026-10-02 00:54:20.5,45.591797,-123.005944,3400,1.53,false
a483a2,1,2026-10-02 00:54:21.91,45.592575,-123.007686,3475,1.41,false
a483a2,1,2026-10-02 00:54:23.51,45.593399,-123.009696,3550,1.6,false
a483a2,1,2026-10-02 00:54:24.38,45.593867,-123.010895,3625,0.87,false
a483a2,1,2026-10-02 00:54:25.79,45.594472,-123.012817,3700,1.41,false
a483a2,1,2026-10-02 00:54:27.39,45.595077,-123.015015,3775,1.6,false
a483a2,1,2026-10-02 00:54:28.44,45.59545,-123.016457,3850,1.05,false
a483a2,1,2026-10-02 00:54:29.82,45.595869,-123.018517,3925,1.38,false
a483a2,1,2026-10-02 00:54:31.4,45.596241,-123.02092,4000,1.58,false
a483a2,1,2026-10-02 00:54:32.86,45.596466,-123.023228,4075,1.46,false
a483a2,1,2026-10-02 00:54:33.75,45.596613,-123.024628,4150,0.89,false
a483a2,1,2026-10-02 00:54:35.22,45.596707,-123.026825,4225,1.47,false
a483a2,1,2026-10-02 00:54:36.76,45.596753,-123.029366,4300,1.54,false
a483a2,1,2026-10-02 00:54:38.3,45.59666,-123.031631,4375,1.54,false
a483a2,1,2026-10-02 00:54:39.18,45.596567,-123.033211,4450,0.88,false
a483a2,1,2026-10-02 00:54:41.13,45.596283,-123.036291,4550,1.95,false
a483a2,1,2026-10-02 00:54:42.43,45.596008,-123.038361,4625,1.3,false
a483a2,1,2026-10-02 00:54:43.74,45.595636,-123.040558,4700,1.31,false
a483a2,1,2026-10-02 00:54:44.82,45.595276,-123.04232,4775,1.08,false
a483a2,1,2026-10-02 00:54:46.23,45.594727,-123.04453,4850,1.41,false
a483a2,1,2026-10-02 00:54:47.18,45.594379,-123.045914,4925,0.95,false
a483a2,1,2026-10-02 00:54:48.17,45.593913,-123.047424,5000,0.99,false
a483a2,1,2026-10-02 00:54:49.74,45.59317,-123.049756,5075,1.57,false
a483a2,1,2026-10-02 00:54:50.68,45.592621,-123.051229,5150,0.94,false
a483a2,1,2026-10-02 00:54:51.84,45.591958,-123.052849,5225,1.16,false
a483a2,1,2026-10-02 00:54:53.21,45.591019,-123.054981,5325,1.37,false
a483a2,1,2026-10-02 00:54:54.28,45.590332,-123.056388,5400,1.07,false
a483a2,1,2026-10-02 00:54:55.73,45.589258,-123.058411,5500,1.45,false
a483a2,1,2026-10-02 00:54:56.86,45.588364,-123.059871,5575,1.13,false
a483a2,1,2026-10-02 00:54:57.99,45.587489,-123.061295,5650,1.13,false
a483a2,1,2026-10-02 00:54:58.96,45.586651,-123.062531,5725,0.97,false
a483a2,1,2026-10-02 00:55:00.03,45.585767,-123.063766,5800,1.07,false
a483a2,1,2026-10-02 00:55:01.15,45.584747,-123.065029,5875,1.12,false
a483a2,1,2026-10-02 00:55:02.26,45.583719,-123.066238,5975,1.11,false
a483a2,1,2026-10-02 00:55:03.29,45.582642,-123.067374,6050,1.03,false
a483a2,1,2026-10-02 00:55:04.33,45.581531,-123.068436,6150,1.04,false
a483a2,1,2026-10-02 00:55:05.45,45.580399,-123.069451,6250,1.12,false
a483a2,1,2026-10-02 00:55:06.37,45.579436,-123.070221,6325,0.92,false
a483a2,1,2026-10-02 00:55:07.39,45.578365,-123.071045,6425,1.02,false
a483a2,1,2026-10-02 00:55:08.73,45.576829,-123.072144,6525,1.34,false
a483a2,1,2026-10-02 00:55:09.63,45.575775,-123.0728,6600,0.9,false
a483a2,1,2026-10-02 00:55:11.05,45.574315,-123.073586,6700,1.42,false
a483a2,1,2026-10-02 00:55:11.97,45.573151,-123.074203,6800,0.92,false
a483a2,1,2026-10-02 00:55:12.93,45.571941,-123.074753,6875,0.96,false
a483a2,1,2026-10-02 00:55:14.02,45.570777,-123.075233,6975,1.09,false
a483a2,1,2026-10-02 00:55:16.39,45.567891,-123.076126,7175,2.37,false
a483a2,1,2026-10-02 00:55:19.11,45.56456,-123.076819,7400,2.72,false
a483a2,1,2026-10-02 00:55:21.55,45.56142,-123.077087,7625,2.44,false
a483a2,1,2026-10-02 00:55:24.02,45.558441,-123.076881,7825,2.47,false
a483a2,1,2026-10-02 00:55:26.5,45.555182,-123.076401,8050,2.48,false
a483a2,1,2026-10-02 00:55:29.01,45.552109,-123.075547,8250,2.51,false
a483a2,1,2026-10-02 00:55:31.68,45.548904,-123.074475,8450,2.67,false
a483a2,1,2026-10-02 00:55:34.2,45.545872,-123.073202,8675,2.52,false
a483a2,1,2026-10-02 00:55:36.84,45.542706,-123.071929,8900,2.64,false
a483a2,1,2026-10-02 00:55:39.3,45.53954,-123.070522,9125,2.46,false
a483a2,1,2026-10-02 00:55:41.74,45.536608,-123.069317,9325,2.44,false
a483a2,1,2026-10-02 00:55:44.13,45.533675,-123.068044,9525,2.39,false
a483a2,1,2026-10-02 00:55:46.57,45.530742,-123.066838,9725,2.44,false
a483a2,1,2026-10-02 00:55:49.19,45.527577,-123.065498,9950,2.62,false
a483a2,1,2026-10-02 00:55:51.85,45.524277,-123.064074,10150,2.66,false
a483a2,1,2026-10-02 00:55:54.33,45.521245,-123.062819,10350,2.48,false
a483a2,1,2026-10-02 00:55:57.14,45.517754,-123.061546,10550,2.81,false
a483a2,1,2026-10-02 00:55:59.98,45.514216,-123.060608,10750,2.84,false
a483a2,1,2026-10-02 00:56:03.12,45.510166,-123.060072,10950,3.14,false
a483a2,1,2026-10-02 00:56:06.16,45.506302,-123.060139,11150,3.04,false
a483a2,1,2026-10-02 00:56:09.35,45.502206,-123.060608,11350,3.19,false
a483a2,1,2026-10-02 00:56:12.92,45.497726,-123.061589,11550,3.57,false
a483a2,1,2026-10-02 00:56:15.55,45.494292,-123.062484,11750,2.63,false
a483a2,1,2026-10-02 00:56:19.14,45.489636,-123.063823,11975,3.59,false
a483a2,1,2026-10-02 00:56:25.45,45.48143,-123.066428,12350,6.31,false
a483a2,1,2026-10-02 00:56:31.18,45.473855,-123.068848,12700,5.73,false
a483a2,1,2026-10-02 00:56:37.61,45.46515,-123.071661,13075,6.43,false
a483a2,1,2026-10-02 00:56:43.7,45.456757,-123.074341,13450,6.09,false
a483a2,1,2026-10-02 00:56:50.57,45.446995,-123.077422,13825,6.87,false
a483a2,1,2026-10-02 00:57:01.66,45.430893,-123.08245,14200,11.09,false
a483a2,1,2026-10-02 00:57:14.21,45.412499,-123.088074,14525,12.55,false
a483a2,1,2026-10-02 00:57:18.63,45.405716,-123.089578,14600,4.42,false
a483a2,1,2026-10-02 00:57:21.65,45.401093,-123.08997,14675,3.02,false
a483a2,1,2026-10-02 00:57:25.43,45.395187,-123.089709,14775,3.78,false
a483a2,1,2026-10-02 00:57:31.51,45.385849,-123.088597,14950,6.08,false
a483a2,1,2026-10-02 00:57:42.91,45.367763,-123.085662,15325,11.4,false
a483a2,1,2026-10-02 00:57:50.97,45.355007,-123.083384,15700,8.06,false
a483a2,1,2026-10-02 00:57:57.05,45.345337,-123.081665,16075,6.08,false
a483a2,1,2026-10-02 00:58:03.49,45.33522,-123.079834,16450,6.44,false
a483a2,1,2026-10-02 00:58:10.4,45.324283,-123.077891,16825,6.91,false
a483a2,1,2026-10-02 00:58:17.8,45.312552,-123.075748,17200,7.4,false
a483a2,1,2026-10-02 00:58:24.64,45.301437,-123.073752,17575,6.84,false
a483a2,1,2026-10-02 00:58:30.3,45.292255,-123.072063,17925,5.66,false
a483a2,1,2026-10-02 00:58:35.14,45.284527,-123.070723,18275,4.84,false
a483a2,1,2026-10-02 00:58:40.15,45.276474,-123.069317,18650,5.01,false
a483a2,1,2026-10-02 00:58:45.71,45.267443,-123.067709,19025,5.56,false
a483a2,1,2026-10-02 00:58:52.44,45.256577,-123.065774,19400,6.73,false
a483a2,1,2026-10-02 00:58:58.77,45.246308,-123.063957,19775,6.33,false
a483a2,1,2026-10-02 00:59:04.46,45.236984,-123.062308,20150,5.69,false
a483a2,1,2026-10-02 00:59:09.76,45.228339,-123.060742,20500,5.3,false
a483a2,1,2026-10-02 00:59:16.42,45.2173,-123.058842,20875,6.66,false
a483a2,1,2026-10-02 00:59:25.87,45.201508,-123.056096,21250,9.45,false
a483a2,1,2026-10-02 00:59:35.09,45.185715,-123.053284,21625,9.22,false
a483a2,1,2026-10-02 00:59:42.44,45.172897,-123.05106,22000,7.35,false
a483a2,1,2026-10-02 00:59:48.51,45.16246,-123.049229,22375,6.07,false
a483a2,1,2026-10-02 00:59:54.52,45.151853,-123.047344,22750,6.01,false
a483a2,1,2026-10-02 01:00:01.21,45.140355,-123.045334,23125,6.69,false
a483a2,1,2026-10-02 01:00:08.88,45.126801,-123.042951,23500,7.67,false
a483a2,1,2026-10-02 01:00:15.49,45.115173,-123.040924,23875,6.61,false
a483a2,1,2026-10-02 01:00:20.92,45.105487,-123.039238,24225,5.43,false
a483a2,1,2026-10-02 01:00:26.41,45.095991,-123.037563,24600,5.49,false
a483a2,1,2026-10-02 01:00:32.55,45.085144,-123.035688,24975,6.14,false
a483a2,1,2026-10-02 01:00:39.85,45.072281,-123.033404,25350,7.3,false
a483a2,1,2026-10-02 01:00:47.54,45.058702,-123.031065,25725,7.69,false
a483a2,1,2026-10-02 01:00:54.01,45.047195,-123.029088,26100,6.47,false
a483a2,1,2026-10-02 01:01:00.55,45.035706,-123.027046,26475,6.54,false
a483a2,1,2026-10-02 01:01:07.49,45.023529,-123.024902,26850,6.94,false
a483a2,1,2026-10-02 01:01:16.02,45.008379,-123.022357,27225,8.53,false
a483a2,1,2026-10-02 01:01:26.18,44.990038,-123.019141,27600,10.16,false
a483a2,1,2026-10-02 01:01:35.94,44.972208,-123.01606,27975,9.76,false
a483a2,1,2026-10-02 01:01:44.06,44.957382,-123.013524,28350,8.12,false
a483a2,1,2026-10-02 01:01:52.12,44.942688,-123.010973,28725,8.06,false
a483a2,1,2026-10-02 01:02:02.77,44.922863,-123.007552,29100,10.65,false
a483a2,1,2026-10-02 01:02:14.1,44.901627,-123.003845,29475,11.33,false
a483a2,1,2026-10-02 01:02:23.25,44.884186,-123.000837,29850,9.15,false
a483a2,1,2026-10-02 01:02:32.28,44.867111,-122.997894,30225,9.03,false
a483a2,1,2026-10-02 01:02:41.27,44.849991,-122.994952,30600,8.99,false
a483a2,1,2026-10-02 01:02:52.08,44.829254,-122.991355,30975,10.81,false
a483a2,1,2026-10-02 01:03:04.32,44.805365,-122.987254,31325,12.24,false
a483a2,1,2026-10-02 01:03:16.11,44.782333,-122.983246,31675,11.79,false
a483a2,1,2026-10-02 01:03:27.93,44.75872,-122.979215,32025,11.82,false
a483a2,1,2026-10-02 01:03:37.97,44.738749,-122.975732,32400,10.04,false
a483a2,1,2026-10-02 01:03:47.4,44.719988,-122.972516,32775,9.43,false
a483a2,1,2026-10-02 01:03:55.05,44.704651,-122.96984,33150,7.65,false
a483a2,1,2026-10-02 01:04:02.69,44.68959,-122.96729,33525,7.64,false
a483a2,1,2026-10-02 01:04:10.73,44.673576,-122.964545,33900,8.04,false
a483a2,1,2026-10-02 01:04:18.42,44.658417,-122.961927,34275,7.69,false
a483a2,1,2026-10-02 01:04:25.31,44.644946,-122.959587,34650,6.89,false
a483a2,1,2026-10-02 01:04:31.9,44.63237,-122.957415,35025,6.59,false
a483a2,1,2026-10-02 01:04:39.76,44.617154,-122.954831,35400,7.86,false
a483a2,1,2026-10-02 01:04:47.68,44.601974,-122.952249,35775,7.92,false
a483a2,1,2026-10-02 01:04:55.13,44.587687,-122.949874,36150,7.45,false
a483a2,1,2026-10-02 01:05:04.11,44.570801,-122.946952,36525,8.98,false
a483a2,1,2026-10-02 01:05:13.99,44.552028,-122.943778,36900,9.88,false
a483a2,1,2026-10-02 01:05:23.8,44.533453,-122.940629,37275,9.81,false
a483a2,1,2026-10-02 01:05:33.51,44.514926,-122.937481,37650,9.71,false
a483a2,1,2026-10-02 01:05:44.59,44.49421,-122.93393,38025,11.08,false
a483a2,1,2026-10-02 01:05:55.43,44.473618,-122.930407,38400,10.84,false
a483a2,1,2026-10-02 01:06:04.78,44.456223,-122.927432,38775,9.35,false
a483a2,1,2026-10-02 01:06:14.93,44.437183,-122.924217,39150,10.15,false
a483a2,1,2026-10-02 01:06:25.97,44.416747,-122.920733,39525,11.04,false
a483a2,1,2026-10-02 01:06:37.31,44.395659,-122.917116,39900,11.34,false
a483a2,1,2026-10-02 01:06:48.92,44.37442,-122.913535,40250,11.61,false
a483a2,1,2026-10-02 01:07:01.27,44.351578,-122.909677,40575,12.35,false
a483a2,1,2026-10-02 01:07:14.18,44.327879,-122.90566,40925,12.91,false
a483a2,1,2026-10-02 01:07:27.15,44.303997,-122.901641,41250,12.97,false
a483a2,1,2026-10-02 01:07:40.6,44.279418,-122.897488,41550,13.45,false
a483a2,1,2026-10-02 01:07:58.64,44.246133,-122.891861,41775,18.04,false
a483a2,1,2026-10-02 01:08:16.54,44.212522,-122.886166,42000,17.9,false
a483a2,1,2026-10-02 01:08:36.38,44.175141,-122.879857,42200,19.84,false
a483a2,1,2026-10-02 01:08:52.29,44.144897,-122.874735,42475,15.91,false
a483a2,1,2026-10-02 01:09:06.31,44.118256,-122.870263,42775,14.02,false
a483a2,1,2026-10-02 01:09:20.38,44.091533,-122.865731,43075,14.07,false
a483a2,1,2026-10-02 01:09:35.84,44.062134,-122.86081,43350,15.46,false
a483a2,1,2026-10-02 01:09:50.82,44.033752,-122.856083,43650,14.98,false
a483a2,1,2026-10-02 01:10:07.07,44.003174,-122.850973,43925,16.25,false
a483a2,1,2026-10-02 01:10:24.93,43.969391,-122.845289,44175,17.86,false
a483a2,1,2026-10-02 01:10:42.92,43.935118,-122.839573,44400,17.99,false
a483a2,1,2026-10-02 01:11:02.48,43.89798,-122.833344,44575,19.56,false
a483a2,1,2026-10-02 01:11:22.03,43.860587,-122.827083,44750,19.55,false
a483a2,1,2026-10-02 01:11:41.51,43.822998,-122.820825,44950,19.48,false
a483a2,1,2026-10-02 01:12:01.3,43.784592,-122.814438,45000,19.79,false
a483a2,1,2026-10-02 01:12:20.94,43.745773,-122.807922,45000,19.64,false
a483a2,1,2026-10-02 01:12:40.73,43.706909,-122.801471,45000,19.79,false
a483a2,1,2026-10-02 01:13:00.68,43.668045,-122.79502,45000,19.95,false
a483a2,1,2026-10-02 01:13:20.66,43.628815,-122.788569,45000,19.98,false
a483a2,1,2026-10-02 01:13:40.58,43.589584,-122.782053,44975,19.92,false
a483a2,1,2026-10-02 01:14:00.57,43.550354,-122.775602,44975,19.99,false
a483a2,1,2026-10-02 01:14:20.37,43.511536,-122.769215,45000,19.8,false
a483a2,1,2026-10-02 01:14:40.34,43.472528,-122.7628,45000,19.97,false
a483a2,1,2026-10-02 01:15:00.12,43.43375,-122.756391,44975,19.78,false
a483a2,1,2026-10-02 01:15:20.02,43.394714,-122.749989,45000,19.9,false
a483a2,1,2026-10-02 01:15:39.69,43.356054,-122.743705,45000,19.67,false
a483a2,1,2026-10-02 01:15:59.5,43.31723,-122.737296,45000,19.81,false
a483a2,1,2026-10-02 01:16:19.18,43.278534,-122.730954,45000,19.68,false
a483a2,1,2026-10-02 01:16:38.76,43.23999,-122.724695,45000,19.58,false
a483a2,1,2026-10-02 01:16:58.65,43.201035,-122.718307,44975,19.89,false
a483a2,1,2026-10-02 01:17:18.6,43.161621,-122.711856,45000,19.95,false
a483a2,1,2026-10-02 01:17:38.46,43.122362,-122.705449,44975,19.86,false
a483a2,1,2026-10-02 01:17:57.85,43.08405,-122.699236,45000,19.39,false
a483a2,1,2026-10-02 01:18:17.53,43.045272,-122.692958,45000,19.68,false
a483a2,1,2026-10-02 01:18:37.5,43.005656,-122.686484,45000,19.97,false
a483a2,1,2026-10-02 01:18:57.02,42.96698,-122.680238,45000,19.52,false
a483a2,1,2026-10-02 01:19:16.58,42.928024,-122.673979,44975,19.56,false
a483a2,1,2026-10-02 01:19:36.12,42.889275,-122.667716,45000,19.54,false
a483a2,1,2026-10-02 01:19:55.97,42.849892,-122.661307,45000,19.85,false
a483a2,1,2026-10-02 01:20:15.39,42.811157,-122.655072,44975,19.42,false
a483a2,1,2026-10-02 01:20:35.38,42.771423,-122.648621,45000,19.99,false
a483a2,1,2026-10-02 01:20:55.32,42.731882,-122.642297,44975,19.94,false
a483a2,1,2026-10-02 01:21:15.16,42.692322,-122.635949,45000,19.84,false
a483a2,1,2026-10-02 01:21:34.99,42.652954,-122.629644,45000,19.83,false
a483a2,1,2026-10-02 01:21:54.67,42.613732,-122.62339,44975,19.68,false
a483a2,1,2026-10-02 01:22:14.03,42.575001,-122.617195,45000,19.36,false
a483a2,1,2026-10-02 01:22:33.98,42.535217,-122.610855,45000,19.95,false
a483a2,1,2026-10-02 01:22:53.69,42.495769,-122.604484,45000,19.71,false
a483a2,1,2026-10-02 01:23:13.24,42.456898,-122.598288,44975,19.55,false
a483a2,1,2026-10-02 01:23:33.18,42.416977,-122.591941,45000,19.94,false
a483a2,1,2026-10-02 01:23:52.28,42.378387,-122.585824,45000,19.1,false
a483a2,1,2026-10-02 01:24:12.11,42.338608,-122.579519,45000,19.83,false
a483a2,1,2026-10-02 01:24:32.01,42.29837,-122.573152,45000,19.9,false
a483a2,1,2026-10-02 01:24:51.73,42.259003,-122.56691,45000,19.72,false
a483a2,1,2026-10-02 01:25:11.29,42.219589,-122.560668,45000,19.56,false
a483a2,1,2026-10-02 01:25:30.8,42.180176,-122.554488,45000,19.51,false
a483a2,1,2026-10-02 01:25:50.77,42.140249,-122.548147,44975,19.97,false
a483a2,1,2026-10-02 01:26:10.7,42.100028,-122.541823,45000,19.93,false
a483a2,1,2026-10-02 01:26:30.42,42.060645,-122.535627,44975,19.72,false
a483a2,1,2026-10-02 01:26:50.41,42.020471,-122.529304,44975,19.99,false
a483a2,1,2026-10-02 01:27:09.69,41.981599,-122.523236,45000,19.28,false
a483a2,1,2026-10-02 01:27:29.67,41.941772,-122.516972,44975,19.98,false
a483a2,1,2026-10-02 01:27:49.45,41.902222,-122.510792,45000,19.78,false
a483a2,1,2026-10-02 01:28:09.4,41.862305,-122.50455,45000,19.95,false
a483a2,1,2026-10-02 01:28:29.05,41.82312,-122.498433,44975,19.65,false
a483a2,1,2026-10-02 01:28:48.91,41.783478,-122.492253,45000,19.86,false
a483a2,1,2026-10-02 01:29:08.7,41.743624,-122.485997,44975,19.79,false
a483a2,1,2026-10-02 01:29:28.67,41.70369,-122.479831,45000,19.97,false
a483a2,1,2026-10-02 01:29:48.33,41.663864,-122.473588,45000,19.66,false
a483a2,1,2026-10-02 01:30:08.27,41.623799,-122.46741,44975,19.94,false
a483a2,1,2026-10-02 01:30:27.78,41.584579,-122.461291,44975,19.51,false
a483a2,1,2026-10-02 01:30:47.57,41.544893,-122.45521,44975,19.79,false
a483a2,1,2026-10-02 01:31:07.14,41.505249,-122.449056,45000,19.57,false
a483a2,1,2026-10-02 01:31:26.91,41.465521,-122.442882,45000,19.77,false
a483a2,1,2026-10-02 01:31:46.77,41.42558,-122.436751,45000,19.86,false
a483a2,1,2026-10-02 01:32:06.34,41.385964,-122.430642,45000,19.57,false
a483a2,1,2026-10-02 01:32:25.95,41.346085,-122.4245,45000,19.61,false
a483a2,1,2026-10-02 01:32:45.88,41.305984,-122.418335,44975,19.93,false
a483a2,1,2026-10-02 01:33:05.55,41.266296,-122.412231,45000,19.67,false
a483a2,1,2026-10-02 01:33:22.77,41.231049,-122.40686,44750,17.22,false
a483a2,1,2026-10-02 01:33:37.74,41.200593,-122.402177,44475,14.97,false
a483a2,1,2026-10-02 01:33:53.77,41.167419,-122.397156,44200,16.03,false
a483a2,1,2026-10-02 01:34:10.02,41.133957,-122.392029,43925,16.25,false
a483a2,1,2026-10-02 01:34:25.82,41.101273,-122.387024,43650,15.8,false
a483a2,1,2026-10-02 01:34:42.03,41.067764,-122.381897,43375,16.21,false
a483a2,1,2026-10-02 01:34:58.03,41.034714,-122.376953,43100,16.0,false
a483a2,1,2026-10-02 01:35:14.35,41.00107,-122.371902,42850,16.32,false
a483a2,1,2026-10-02 01:35:29.57,40.969482,-122.367065,42575,15.22,false
a483a2,1,2026-10-02 01:35:45.75,40.936362,-122.36204,42325,16.18,false
a483a2,1,2026-10-02 01:36:01.92,40.903263,-122.356984,42075,16.17,false
a483a2,1,2026-10-02 01:36:16.97,40.872772,-122.352302,41800,15.05,false
a483a2,1,2026-10-02 01:36:32.88,40.840464,-122.347433,41525,15.91,false
a483a2,1,2026-10-02 01:36:48.99,40.808297,-122.342564,41250,16.11,false
a483a2,1,2026-10-02 01:37:05.21,40.77562,-122.337585,41000,16.22,false
a483a2,1,2026-10-02 01:37:21.45,40.742984,-122.332639,40725,16.24,false
a483a2,1,2026-10-02 01:37:37.61,40.710754,-122.32782,40475,16.16,false
a483a2,1,2026-10-02 01:37:52.99,40.679855,-122.32312,40200,15.38,false
a483a2,1,2026-10-02 01:38:09.02,40.647766,-122.318298,39925,16.03,false
a483a2,1,2026-10-02 01:38:25.2,40.615311,-122.313416,39675,16.18,false
a483a2,1,2026-10-02 01:38:41.29,40.583031,-122.308544,39400,16.09,false
a483a2,1,2026-10-02 01:38:57.52,40.550584,-122.303675,39125,16.23,false
a483a2,1,2026-10-02 01:39:13.34,40.518882,-122.298931,38850,15.82,false
a483a2,1,2026-10-02 01:39:29.87,40.485643,-122.293937,38600,16.53,false
a483a2,1,2026-10-02 01:39:45.37,40.454544,-122.289246,38325,15.5,false
a483a2,1,2026-10-02 01:40:01.87,40.421355,-122.284324,38050,16.5,false
a483a2,1,2026-10-02 01:40:16.87,40.390816,-122.279767,37775,15.0,false
a483a2,1,2026-10-02 01:40:31.59,40.360519,-122.275208,37500,14.72,false
a483a2,1,2026-10-02 01:40:45.52,40.331555,-122.270903,37200,13.93,false
a483a2,1,2026-10-02 01:41:00.15,40.30069,-122.266296,36900,14.63,false
a483a2,1,2026-10-02 01:41:14.6,40.270479,-122.261789,36600,14.45,false
a483a2,1,2026-10-02 01:41:27.27,40.243199,-122.257732,36250,12.67,false
a483a2,1,2026-10-02 01:41:37.28,40.221925,-122.254549,35875,10.01,false
a483a2,1,2026-10-02 01:41:47.32,40.200623,-122.251404,35500,10.04,false
a483a2,1,2026-10-02 01:41:57.78,40.17897,-122.248169,35125,10.46,false
a483a2,1,2026-10-02 01:42:08.41,40.157181,-122.244934,34750,10.63,false
a483a2,1,2026-10-02 01:42:18.35,40.13706,-122.241939,34375,9.94,false
a483a2,1,2026-10-02 01:42:28.76,40.115982,-122.239075,34000,10.41,false
a483a2,1,2026-10-02 01:42:36.22,40.101242,-122.237915,33750,7.46,false
a483a2,1,2026-10-02 01:42:44.62,40.084456,-122.23757,33425,8.4,false
a483a2,1,2026-10-02 01:42:55.88,40.06253,-122.237819,33050,11.26,false
a483a2,1,2026-10-02 01:43:07.53,40.039398,-122.238342,32700,11.65,false
a483a2,1,2026-10-02 01:43:17.01,40.020264,-122.238831,32375,9.48,false
a483a2,1,2026-10-02 01:43:25.75,40.001953,-122.239258,32000,8.74,false
a483a2,1,2026-10-02 01:43:35.07,39.982227,-122.239692,31625,9.32,false
a483a2,1,2026-10-02 01:43:45.02,39.960767,-122.240129,31250,9.95,false
a483a2,1,2026-10-02 01:43:54.64,39.940109,-122.24054,30875,9.62,false
a483a2,1,2026-10-02 01:44:03.91,39.919801,-122.240967,30500,9.27,false
a483a2,1,2026-10-02 01:44:13.3,39.899644,-122.241394,30125,9.39,false
a483a2,1,2026-10-02 01:44:24,39.877167,-122.241888,29750,10.7,false
a483a2,1,2026-10-02 01:44:34.27,39.855931,-122.24231,29375,10.27,false
a483a2,1,2026-10-02 01:44:44.59,39.835007,-122.242843,29000,10.32,false
a483a2,1,2026-10-02 01:44:54.88,39.814267,-122.243286,28625,10.29,false
a483a2,1,2026-10-02 01:45:05.85,39.792387,-122.243835,28250,10.97,false
a483a2,1,2026-10-02 01:45:16.43,39.771698,-122.244276,27875,10.58,false
a483a2,1,2026-10-02 01:45:27.02,39.750863,-122.244812,27500,10.59,false
a483a2,1,2026-10-02 01:45:37.8,39.730316,-122.245291,27125,10.78,false
a483a2,1,2026-10-02 01:45:48.49,39.709897,-122.245728,26750,10.69,false
a483a2,1,2026-10-02 01:46:00.33,39.687424,-122.246246,26375,11.84,false
a483a2,1,2026-10-02 01:46:11.26,39.666929,-122.246765,26000,10.93,false
a483a2,1,2026-10-02 01:46:22.66,39.645515,-122.247253,25625,11.4,false
a483a2,1,2026-10-02 01:46:33.92,39.62452,-122.247803,25250,11.26,false
a483a2,1,2026-10-02 01:46:44.85,39.603944,-122.248291,24875,10.93,false
a483a2,1,2026-10-02 01:46:56.21,39.58287,-122.248814,24500,11.36,false
a483a2,1,2026-10-02 01:47:07.42,39.562042,-122.249291,24125,11.21,false
a483a2,1,2026-10-02 01:47:18.84,39.540773,-122.249756,23750,11.42,false
a483a2,1,2026-10-02 01:47:30.24,39.519824,-122.250244,23375,11.4,false
a483a2,1,2026-10-02 01:47:41.94,39.498367,-122.250784,23025,11.7,false
a483a2,1,2026-10-02 01:47:52.82,39.478683,-122.251262,22650,10.88,false
a483a2,1,2026-10-02 01:48:03.8,39.458725,-122.25174,22275,10.98,false
a483a2,1,2026-10-02 01:48:15.37,39.437805,-122.252217,21925,11.57,false
a483a2,1,2026-10-02 01:48:26.86,39.417176,-122.252686,21575,11.49,false
a483a2,1,2026-10-02 01:48:38.13,39.397064,-122.253173,21200,11.27,false
a483a2,1,2026-10-02 01:48:49.09,39.3777,-122.253662,20825,10.96,false
a483a2,1,2026-10-02 01:49:00.56,39.357376,-122.254128,20475,11.47,false
a483a2,1,2026-10-02 01:49:12.35,39.336594,-122.254606,20125,11.79,false
a483a2,1,2026-10-02 01:49:23.82,39.316437,-122.255066,19750,11.47,false
a483a2,1,2026-10-02 01:49:35.54,39.296141,-122.255554,19375,11.72,false
a483a2,1,2026-10-02 01:49:47.19,39.275711,-122.256038,19025,11.65,false
a483a2,1,2026-10-02 01:49:59.18,39.254883,-122.256516,18675,11.99,false
a483a2,1,2026-10-02 01:50:10.7,39.235017,-122.257019,18300,11.52,false
a483a2,1,2026-10-02 01:50:22.3,39.215047,-122.257446,17950,11.6,false
a483a2,1,2026-10-02 01:50:34.9,39.193493,-122.257996,17600,12.6,false
a483a2,1,2026-10-02 01:50:48.12,39.171381,-122.258484,17275,13.22,false
a483a2,1,2026-10-02 01:50:59.97,39.151657,-122.258964,16925,11.85,false
a483a2,1,2026-10-02 01:51:11.6,39.132568,-122.259382,16575,11.63,false
a483a2,1,2026-10-02 01:51:23.21,39.113617,-122.259681,16225,11.61,false
a483a2,1,2026-10-02 01:51:35.92,39.092987,-122.26001,15875,12.71,false
a483a2,1,2026-10-02 01:51:47.94,39.07338,-122.260337,15525,12.02,false
a483a2,1,2026-10-02 01:51:59.66,39.054395,-122.260803,15175,11.72,false
a483a2,1,2026-10-02 01:52:11.9,39.03447,-122.261292,14825,12.24,false
a483a2,1,2026-10-02 01:52:24.15,39.014639,-122.261841,14475,12.25,false
a483a2,1,2026-10-02 01:52:36.09,38.99532,-122.262329,14125,11.94,false
a483a2,1,2026-10-02 01:52:47.88,38.976559,-122.262817,13775,11.79,false
a483a2,1,2026-10-02 01:53:00.52,38.956682,-122.263306,13450,12.64,false
a483a2,1,2026-10-02 01:53:12.61,38.937836,-122.263801,13100,12.09,false
a483a2,1,2026-10-02 01:53:24.85,38.919021,-122.264282,12750,12.24,false
a483a2,1,2026-10-02 01:53:37.45,38.900074,-122.264771,12425,12.6,false
a483a2,1,2026-10-02 01:53:50.06,38.881546,-122.265198,12100,12.61,false
a483a2,1,2026-10-02 01:53:57.68,38.87056,-122.265442,11900,7.62,false
a483a2,1,2026-10-02 01:54:05.16,38.859879,-122.265711,11725,7.48,false
a483a2,1,2026-10-02 01:54:12.49,38.849611,-122.265991,11525,7.33,false
a483a2,1,2026-10-02 01:54:19.97,38.839188,-122.266189,11325,7.48,false
a483a2,1,2026-10-02 01:54:27.12,38.829454,-122.266418,11150,7.15,false
a483a2,1,2026-10-02 01:54:34.13,38.81987,-122.266667,10950,7.01,false
a483a2,1,2026-10-02 01:54:41.5,38.810089,-122.266907,10775,7.37,false
a483a2,1,2026-10-02 01:54:48.86,38.800126,-122.267151,10575,7.36,false
a483a2,1,2026-10-02 01:54:56.12,38.790444,-122.267334,10400,7.26,false
a483a2,1,2026-10-02 01:55:03.46,38.780481,-122.267578,10200,7.34,false
a483a2,1,2026-10-02 01:55:10.86,38.770426,-122.267822,10000,7.4,false
a483a2,1,2026-10-02 01:55:18.07,38.760697,-122.268066,9800,7.21,false
a483a2,1,2026-10-02 01:55:25.58,38.75061,-122.268338,9600,7.51,false
a483a2,1,2026-10-02 01:55:32.37,38.741501,-122.268518,9400,6.79,false
a483a2,1,2026-10-02 01:55:39.48,38.732067,-122.268738,9200,7.11,false
a483a2,1,2026-10-02 01:55:46.8,38.722412,-122.268935,9000,7.32,false
a483a2,1,2026-10-02 01:55:54.23,38.712708,-122.269115,8800,7.43,false
a483a2,1,2026-10-02 01:56:01.63,38.703049,-122.269234,8625,7.4,false
a483a2,1,2026-10-02 01:56:11.5,38.690263,-122.269287,8475,9.87,false
a483a2,1,2026-10-02 01:56:20.21,38.678879,-122.269353,8325,8.71,false
a483a2,1,2026-10-02 01:56:28.14,38.66835,-122.269413,8150,7.93,false
a483a2,1,2026-10-02 01:56:36.53,38.657351,-122.269531,8000,8.39,false
a483a2,1,2026-10-02 01:56:44.82,38.646332,-122.269652,7825,8.29,false
a483a2,1,2026-10-02 01:56:52.33,38.636356,-122.269775,7650,7.51,false
a483a2,1,2026-10-02 01:56:59.62,38.626626,-122.269897,7450,7.29,false
a483a2,1,2026-10-02 01:57:06.84,38.617223,-122.269958,7275,7.22,false
a483a2,1,2026-10-02 01:57:14.08,38.607912,-122.270081,7100,7.24,false
a483a2,1,2026-10-02 01:57:18.27,38.602512,-122.270142,7000,4.19,false
a483a2,1,2026-10-02 01:57:21.69,38.598183,-122.270203,6925,3.42,false
a483a2,1,2026-10-02 01:57:25.19,38.593781,-122.270249,6850,3.5,false
a483a2,1,2026-10-02 01:57:29.14,38.588745,-122.270309,6775,3.95,false
a483a2,1,2026-10-02 01:57:32.29,38.584915,-122.270325,6700,3.15,false
a483a2,1,2026-10-02 01:57:35.99,38.580322,-122.270368,6625,3.7,false
a483a2,1,2026-10-02 01:57:39.27,38.576257,-122.270447,6550,3.28,false
a483a2,1,2026-10-02 01:57:42.88,38.571881,-122.270508,6475,3.61,false
a483a2,1,2026-10-02 01:57:46.75,38.567184,-122.270548,6400,3.87,false
a483a2,1,2026-10-02 01:57:50.72,38.562477,-122.27063,6325,3.97,false
a483a2,1,2026-10-02 01:57:54.16,38.558304,-122.270667,6250,3.44,false
a483a2,1,2026-10-02 01:57:57.29,38.55461,-122.270691,6175,3.13,false
a483a2,1,2026-10-02 01:58:00.14,38.551163,-122.270727,6100,2.85,false
a483a2,1,2026-10-02 01:58:03.56,38.54718,-122.270727,6025,3.42,false
a483a2,1,2026-10-02 01:58:07.12,38.543065,-122.270752,5950,3.56,false
a483a2,1,2026-10-02 01:58:10.67,38.538922,-122.270813,5875,3.55,false
a483a2,1,2026-10-02 01:58:14.36,38.534779,-122.270813,5800,3.69,false
a483a2,1,2026-10-02 01:58:18.21,38.530289,-122.270906,5725,3.85,false
a483a2,1,2026-10-02 01:58:22.06,38.525887,-122.270935,5650,3.85,false
a483a2,1,2026-10-02 01:58:25.59,38.521957,-122.270966,5575,3.53,false
a483a2,1,2026-10-02 01:58:29.96,38.517059,-122.271025,5500,4.37,false
a483a2,1,2026-10-02 01:58:33.94,38.512665,-122.271085,5425,3.98,false
a483a2,1,2026-10-02 01:58:37.74,38.508453,-122.271085,5350,3.8,false
a483a2,1,2026-10-02 01:58:41.28,38.504659,-122.271118,5275,3.54,false
a483a2,1,2026-10-02 01:58:45.58,38.499985,-122.271145,5200,4.3,false
a483a2,1,2026-10-02 01:58:49.54,38.495768,-122.27124,5125,3.96,false
a483a2,1,2026-10-02 01:58:53.3,38.491671,-122.27124,5050,3.76,false
a483a2,1,2026-10-02 01:58:56.7,38.48804,-122.271301,4975,3.4,false
a483a2,1,2026-10-02 01:59:00.88,38.483571,-122.271301,4900,4.18,false
a483a2,1,2026-10-02 01:59:04.76,38.479431,-122.271384,4825,3.88,false
a483a2,1,2026-10-02 01:59:08.67,38.475378,-122.271362,4750,3.91,false
a483a2,1,2026-10-02 01:59:12.73,38.471283,-122.271443,4675,4.06,false
a483a2,1,2026-10-02 01:59:16.62,38.467231,-122.271484,4600,3.89,false
a483a2,1,2026-10-02 01:59:20.56,38.463043,-122.271503,4525,3.94,false
a483a2,1,2026-10-02 01:59:24.67,38.458852,-122.271545,4450,4.11,false
a483a2,1,2026-10-02 01:59:28.98,38.454483,-122.271622,4375,4.31,false
a483a2,1,2026-10-02 01:59:32.98,38.450455,-122.271622,4300,4.0,false
a483a2,1,2026-10-02 01:59:38.03,38.445511,-122.271682,4225,5.05,false
a483a2,1,2026-10-02 01:59:43.08,38.440603,-122.271729,4175,5.05,false
a483a2,1,2026-10-02 01:59:47.56,38.43631,-122.271801,4100,4.48,false
a483a2,1,2026-10-02 01:59:51.59,38.432602,-122.271801,4025,4.03,false
a483a2,1,2026-10-02 01:59:55.53,38.429012,-122.271851,3950,3.94,false
a483a2,1,2026-10-02 01:59:59.79,38.425186,-122.271861,3875,4.26,false
a483a2,1,2026-10-02 02:00:04.1,38.421424,-122.271912,3800,4.31,false
a483a2,1,2026-10-02 02:00:07.9,38.418212,-122.271912,3725,3.8,false
a483a2,1,2026-10-02 02:00:12.64,38.414291,-122.271921,3650,4.74,false
a483a2,1,2026-10-02 02:00:18.45,38.409507,-122.271981,3575,5.81,false
a483a2,1,2026-10-02 02:00:24.4,38.40477,-122.272047,3500,5.95,false
a483a2,1,2026-10-02 02:00:29.43,38.400833,-122.272105,3425,5.03,false
a483a2,1,2026-10-02 02:00:34.8,38.396622,-122.272164,3350,5.37,false
a483a2,1,2026-10-02 02:00:40.08,38.392593,-122.272222,3275,5.28,false
a483a2,1,2026-10-02 02:00:44.94,38.388791,-122.272279,3200,4.86,false
a483a2,1,2026-10-02 02:00:50.37,38.384583,-122.272339,3125,5.43,false
a483a2,1,2026-10-02 02:00:56.82,38.379639,-122.272397,3050,6.45,false
a483a2,1,2026-10-02 02:01:02.24,38.375381,-122.272456,2975,5.42,false
a483a2,1,2026-10-02 02:01:08.26,38.370621,-122.272456,2900,6.02,false
a483a2,1,2026-10-02 02:01:13.23,38.366638,-122.272456,2825,4.97,false
a483a2,1,2026-10-02 02:01:17.99,38.362839,-122.272514,2750,4.76,false
a483a2,1,2026-10-02 02:01:23.13,38.358858,-122.272518,2675,5.14,false
a483a2,1,2026-10-02 02:01:28.01,38.355057,-122.272573,2600,4.88,false
a483a2,1,2026-10-02 02:01:33.31,38.351037,-122.272578,2525,5.3,false
a483a2,1,2026-10-02 02:01:38.58,38.347173,-122.272578,2450,5.27,false
a483a2,1,2026-10-02 02:01:44.18,38.343123,-122.272637,2375,5.6,false
a483a2,1,2026-10-02 02:01:49.8,38.339081,-122.272631,2300,5.62,false
a483a2,1,2026-10-02 02:01:56.44,38.334464,-122.272697,2225,6.64,false
a483a2,1,2026-10-02 02:02:03.58,38.329651,-122.272748,2150,7.14,false
a483a2,1,2026-10-02 02:02:10.85,38.324799,-122.272806,2075,7.27,false
a483a2,1,2026-10-02 02:02:16.47,38.321011,-122.272817,2000,5.62,false
a483a2,1,2026-10-02 02:02:22.81,38.316879,-122.272865,1925,6.34,false
a483a2,1,2026-10-02 02:02:29.93,38.312259,-122.272936,1850,7.12,false
a483a2,1,2026-10-02 02:02:37.33,38.307604,-122.272996,1775,7.4,false
a483a2,1,2026-10-02 02:02:43.77,38.303513,-122.27304,1700,6.44,false
a483a2,1,2026-10-02 02:02:49.68,38.29983,-122.273055,1625,5.91,false
a483a2,1,2026-10-02 02:02:55.99,38.295868,-122.273099,1550,6.31,false
a483a2,1,2026-10-02 02:03:02.31,38.291916,-122.273175,1475,6.32,false
a483a2,1,2026-10-02 02:03:08.91,38.287819,-122.273234,1400,6.6,false
a483a2,1,2026-10-02 02:03:15.57,38.283646,-122.273274,1325,6.66,false
a483a2,1,2026-10-02 02:03:22.86,38.279205,-122.273332,1250,7.29,false
a483a2,1,2026-10-02 02:03:30.1,38.274691,-122.273414,1175,7.24,false
a483a2,1,2026-10-02 02:03:38.23,38.269803,-122.273234,1125,8.13,false
a483a2,1,2026-10-02 02:03:45.28,38.265427,-122.272923,1050,7.05,false
a483a2,1,2026-10-02 02:03:52.91,38.260772,-122.272518,975,7.63,false
a483a2,1,2026-10-02 02:03:58.7,38.257324,-122.272222,900,5.79,false
a483a2,1,2026-10-02 02:04:04.36,38.253929,-122.271921,825,5.66,false
a483a2,1,2026-10-02 02:04:09.97,38.250717,-122.271742,750,5.61,false
a483a2,1,2026-10-02 02:04:10.81,38.250229,-122.271696,750,0.84,false
a483a2,1,2026-10-02 02:04:11.29,38.25,-122.271696,725,0.48,false
a483a2,1,2026-10-02 02:04:11.92,38.249634,-122.271696,725,0.63,false
a483a2,1,2026-10-02 02:04:12.42,38.249313,-122.271696,725,0.5,false
a483a2,1,2026-10-02 02:04:12.77,38.249084,-122.271696,700,0.35,false
a483a2,1,2026-10-02 02:04:13.23,38.248856,-122.271696,700,0.46,false
a483a2,1,2026-10-02 02:04:13.72,38.248576,-122.271682,700,0.49,false
a483a2,1,2026-10-02 02:04:14.28,38.248306,-122.271696,700,0.56,false
a483a2,1,2026-10-02 02:04:14.77,38.247986,-122.271696,675,0.49,false
a483a2,1,2026-10-02 02:04:15.32,38.247691,-122.271742,675,0.55,false
a483a2,1,2026-10-02 02:04:15.75,38.247458,-122.271742,675,0.43,false
a483a2,1,2026-10-02 02:04:16.24,38.247208,-122.271754,650,0.49,false
a483a2,1,2026-10-02 02:04:16.67,38.246979,-122.271754,650,0.43,false
a483a2,1,2026-10-02 02:04:17.06,38.246667,-122.271801,650,0.39,false
a483a2,1,2026-10-02 02:04:17.63,38.246429,-122.271813,650,0.57,false
a483a2,1,2026-10-02 02:04:18.19,38.246108,-122.271801,625,0.56,false
a483a2,1,2026-10-02 02:04:18.54,38.245922,-122.271861,625,0.35,false
a483a2,1,2026-10-02 02:04:18.98,38.245689,-122.271861,625,0.44,false
a483a2,1,2026-10-02 02:04:19.52,38.245422,-122.271871,625,0.54,false
a483a2,1,2026-10-02 02:04:20.04,38.245056,-122.27193,600,0.52,false
a483a2,1,2026-10-02 02:04:20.53,38.244758,-122.271981,600,0.49,false
a483a2,1,2026-10-02 02:04:21.03,38.244507,-122.271988,600,0.5,false
a483a2,1,2026-10-02 02:04:21.52,38.244278,-122.272047,575,0.49,false
a483a2,1,2026-10-02 02:04:21.97,38.243912,-122.272047,575,0.45,false
a483a2,1,2026-10-02 02:04:22.49,38.243641,-122.2721,575,0.52,false
a483a2,1,2026-10-02 02:04:22.99,38.243408,-122.27216,575,0.5,false
a483a2,1,2026-10-02 02:04:23.48,38.243134,-122.272164,550,0.49,false
a483a2,1,2026-10-02 02:04:23.85,38.24285,-122.272219,550,0.37,false
a483a2,1,2026-10-02 02:04:24.36,38.242617,-122.272279,550,0.51,false
a483a2,1,2026-10-02 02:04:24.79,38.24231,-122.27228,550,0.43,false
a483a2,1,2026-10-02 02:04:25.45,38.241989,-122.272339,550,0.66,false
a483a2,1,2026-10-02 02:04:25.94,38.241623,-122.272397,525,0.49,false
a483a2,1,2026-10-02 02:04:26.94,38.241074,-122.272514,525,1.0,false
a483a2,1,2026-10-02 02:04:27.58,38.240801,-122.272578,525,0.64,false
a483a2,1,2026-10-02 02:04:28.04,38.240475,-122.272637,500,0.46,false
a483a2,1,2026-10-02 02:04:28.56,38.240158,-122.272689,500,0.52,false
a483a2,1,2026-10-02 02:04:29.05,38.239917,-122.272757,500,0.49,false
a483a2,1,2026-10-02 02:04:30.16,38.239358,-122.272876,475,1.11,false
a483a2,1,2026-10-02 02:04:30.53,38.239125,-122.272876,475,0.37,false
a483a2,1,2026-10-02 02:04:30.95,38.238831,-122.272982,475,0.42,false
a483a2,1,2026-10-02 02:04:31.51,38.238567,-122.272996,475,0.56,false
a483a2,1,2026-10-02 02:04:31.98,38.238334,-122.273055,475,0.47,false
a483a2,1,2026-10-02 02:04:32.78,38.237869,-122.273157,450,0.8,false
a483a2,1,2026-10-02 02:04:33.8,38.23732,-122.273274,450,1.02,false
a483a2,1,2026-10-02 02:04:34.76,38.236771,-122.273391,425,0.96,false
a483a2,1,2026-10-02 02:04:35.41,38.236472,-122.273473,425,0.65,false
a483a2,1,2026-10-02 02:04:35.91,38.236146,-122.273533,425,0.5,false
a483a2,1,2026-10-02 02:04:36.73,38.235727,-122.273652,400,0.82,false
a483a2,1,2026-10-02 02:04:37.64,38.23526,-122.273741,400,0.91,false
a483a2,1,2026-10-02 02:04:38.2,38.234894,-122.273858,400,0.56,false
a483a2,1,2026-10-02 02:04:38.68,38.234665,-122.273917,400,0.48,false
a483a2,1,2026-10-02 02:04:39.72,38.234098,-122.27407,375,1.04,false
a483a2,1,2026-10-02 02:04:40.75,38.233539,-122.27425,375,1.03,false
a483a2,1,2026-10-02 02:04:41.31,38.233213,-122.274309,375,0.56,false
a483a2,1,2026-10-02 02:04:41.98,38.232887,-122.274429,350,0.67,false
a483a2,1,2026-10-02 02:04:42.46,38.232605,-122.274501,350,0.48,false
a483a2,1,2026-10-02 02:04:42.78,38.232376,-122.27456,350,0.32,false
a483a2,1,2026-10-02 02:04:43.77,38.231827,-122.274735,350,0.99,false
a483a2,1,2026-10-02 02:04:44.85,38.231277,-122.27491,325,1.08,false
a483a2,1,2026-10-02 02:04:45.94,38.230774,-122.275027,325,1.09,false
a483a2,1,2026-10-02 02:04:46.85,38.230225,-122.275202,300,0.91,false
a483a2,1,2026-10-02 02:04:47.87,38.229629,-122.275384,300,1.02,false
a483a2,1,2026-10-02 02:04:48.97,38.22907,-122.275563,275,1.1,false
a483a2,1,2026-10-02 02:04:49.37,38.228837,-122.275623,275,0.4,false
a483a2,1,2026-10-02 02:04:49.94,38.228511,-122.275742,275,0.57,false
a483a2,1,2026-10-02 02:04:50.48,38.228256,-122.275845,275,0.54,false
a483a2,1,2026-10-02 02:04:50.97,38.228027,-122.275904,275,0.49,false
a483a2,1,2026-10-02 02:04:51.47,38.227707,-122.27602,250,0.5,false
a483a2,1,2026-10-02 02:04:51.89,38.227441,-122.27616,250,0.42,false
a483a2,1,2026-10-02 02:04:52.95,38.226929,-122.276339,250,1.06,false
a483a2,1,2026-10-02 02:04:54.05,38.226334,-122.276546,225,1.1,false
a483a2,1,2026-10-02 02:04:55.06,38.22583,-122.27678,225,1.01,false
a483a2,1,2026-10-02 02:04:55.99,38.225346,-122.276996,200,0.93,false
a483a2,1,2026-10-02 02:04:56.87,38.224915,-122.277189,200,0.88,false
a483a2,1,2026-10-02 02:04:57.89,38.224322,-122.277474,175,1.02,false
a483a2,1,2026-10-02 02:04:58.38,38.224091,-122.27754,175,0.49,false
a483a2,1,2026-10-02 02:04:58.84,38.223862,-122.277657,175,0.46,false
a483a2,1,2026-10-02 02:04:59.56,38.223587,-122.277774,150,0.72,false
a483a2,1,2026-10-02 02:04:59.88,38.223344,-122.277892,150,0.32,false
a483a2,1,2026-10-02 02:05:01.02,38.222763,-122.278183,150,1.14,false
a483a2,1,2026-10-02 02:05:02.18,38.222227,-122.278429,125,1.16,false
a483a2,1,2026-10-02 02:05:03.07,38.221761,-122.278668,125,0.89,false
a483a2,1,2026-10-02 02:05:03.73,38.221481,-122.278767,100,0.66,false
a483a2,1,2026-10-02 02:05:04.19,38.221207,-122.278942,100,0.46,false
a483a2,1,2026-10-02 02:05:05.3,38.220691,-122.279205,100,1.11,false
a483a2,1,2026-10-02 02:05:06.32,38.220245,-122.27941,75,1.02,false
a483a2,1,2026-10-02 02:05:07.31,38.219713,-122.279623,75,0.99,false
a483a2,1,2026-10-02 02:05:08.45,38.219193,-122.279877,75,1.14,false
a483a2,1,2026-10-02 02:05:09.45,38.218735,-122.280111,75,1.0,false
a483a2,1,2026-10-02 02:05:09.93,38.218552,-122.28017,75,0.48,false
a483a2,1,2026-10-02 02:05:10.42,38.218277,-122.280345,75,0.49,false
a483a2,1,2026-10-02 02:05:11.24,38.217911,-122.28052,75,0.82,false
a483a2,2,2026-10-02 17:55:44.2,38.211548,-122.283559,25,56714.38,true
a483a2,2,2026-10-02 17:55:45.38,38.210822,-122.283863,75,1.18,false
a483a2,2,2026-10-02 17:55:46.35,38.210175,-122.284143,100,0.97,false
a483a2,2,2026-10-02 17:55:47.94,38.209006,-122.284758,150,1.59,false
a483a2,2,2026-10-02 17:55:48.98,38.208308,-122.285116,175,1.04,false
a483a2,2,2026-10-02 17:55:49.94,38.20761,-122.285415,200,0.96,false
a483a2,2,2026-10-02 17:55:51,38.206911,-122.285773,250,1.06,false
a483a2,2,2026-10-02 17:55:51.92,38.206166,-122.286131,275,0.92,false
a483a2,2,2026-10-02 17:55:52.87,38.205468,-122.28649,325,0.95,false
a483a2,2,2026-10-02 17:55:53.37,38.205189,-122.286669,325,0.5,false
a483a2,2,2026-10-02 17:55:54.35,38.204498,-122.287007,350,0.98,false
a483a2,2,2026-10-02 17:55:55.35,38.203699,-122.287385,400,1.0,false
a483a2,2,2026-10-02 17:55:56.41,38.202896,-122.287825,450,1.06,false
a483a2,2,2026-10-02 17:55:57.3,38.202209,-122.288162,475,0.89,false
a483a2,2,2026-10-02 17:55:58.42,38.201385,-122.288585,525,1.12,false
a483a2,2,2026-10-02 17:55:59.37,38.200673,-122.288938,550,0.95,false
a483a2,2,2026-10-02 17:56:00.36,38.199966,-122.289286,575,0.99,false
a483a2,2,2026-10-02 17:56:01.82,38.19873,-122.289929,650,1.46,false
a483a2,2,2026-10-02 17:56:02.86,38.197952,-122.290338,675,1.04,false
a483a2,2,2026-10-02 17:56:04.01,38.197042,-122.290789,725,1.15,false
a483a2,2,2026-10-02 17:56:05,38.196251,-122.291147,750,0.99,false
a483a2,2,2026-10-02 17:56:05.96,38.195413,-122.291565,800,0.96,false
a483a2,2,2026-10-02 17:56:06.93,38.194621,-122.291983,825,0.97,false
a483a2,2,2026-10-02 17:56:08.02,38.193695,-122.292442,850,1.09,false
a483a2,2,2026-10-02 17:56:09.07,38.192871,-122.292851,875,1.05,false
a483a2,2,2026-10-02 17:56:09.89,38.192108,-122.293237,925,0.82,false
a483a2,2,2026-10-02 17:56:10.92,38.19127,-122.293655,950,1.03,false
a483a2,2,2026-10-02 17:56:11.91,38.190432,-122.294073,975,0.99,false
a483a2,2,2026-10-02 17:56:12.78,38.189713,-122.294428,1025,0.87,false
a483a2,2,2026-10-02 17:56:13.71,38.188942,-122.294789,1050,0.93,false
a483a2,2,2026-10-02 17:56:14.66,38.188104,-122.295207,1100,0.95,false
a483a2,2,2026-10-02 17:56:15.67,38.18722,-122.295625,1125,1.01,false
a483a2,2,2026-10-02 17:56:16.82,38.186279,-122.296123,1150,1.15,false
a483a2,2,2026-10-02 17:56:17.81,38.18541,-122.296532,1200,0.99,false
a483a2,2,2026-10-02 17:56:19.02,38.184402,-122.297058,1250,1.21,false
a483a2,2,2026-10-02 17:56:19.93,38.183589,-122.297476,1275,0.91,false
a483a2,2,2026-10-02 17:56:20.94,38.182704,-122.297954,1300,1.01,false
a483a2,2,2026-10-02 17:56:21.93,38.181866,-122.298431,1350,0.99,false
a483a2,2,2026-10-02 17:56:23.05,38.180878,-122.298987,1375,1.12,false
a483a2,2,2026-10-02 17:56:23.97,38.180097,-122.299506,1425,0.92,false
a483a2,2,2026-10-02 17:56:24.98,38.179138,-122.300155,1450,1.01,false
a483a2,2,2026-10-02 17:56:25.93,38.178375,-122.3007,1500,0.95,false
a483a2,2,2026-10-02 17:56:26.92,38.17749,-122.301357,1525,0.99,false
a483a2,2,2026-10-02 17:56:27.34,38.177164,-122.301596,1550,0.42,false
a483a2,2,2026-10-02 17:56:28.48,38.176254,-122.302376,1600,1.14,false
a483a2,2,2026-10-02 17:56:29.35,38.17543,-122.303136,1625,0.87,false
a483a2,2,2026-10-02 17:56:30.26,38.174789,-122.303837,1675,0.91,false
a483a2,2,2026-10-02 17:56:31.1,38.174045,-122.304581,1700,0.84,false
a483a2,2,2026-10-02 17:56:32.07,38.17337,-122.305356,1750,0.97,false
a483a2,2,2026-10-02 17:56:33.05,38.172638,-122.306291,1800,0.98,false
a483a2,2,2026-10-02 17:56:34.08,38.171951,-122.307226,1850,1.03,false
a483a2,2,2026-10-02 17:56:35.14,38.171206,-122.308283,1900,1.06,false
a483a2,2,2026-10-02 17:56:35.99,38.170624,-122.309213,1925,0.85,false
a483a2,2,2026-10-02 17:56:36.94,38.170029,-122.310324,1975,0.95,false
a483a2,2,2026-10-02 17:56:38.04,38.16939,-122.311508,2025,1.1,false
a483a2,2,2026-10-02 17:56:39.16,38.168832,-122.312642,2075,1.12,false
a483a2,2,2026-10-02 17:56:40.17,38.168289,-122.313947,2125,1.01,false
a483a2,2,2026-10-02 17:56:41.3,38.167786,-122.315174,2150,1.13,false
a483a2,2,2026-10-02 17:56:42.31,38.167342,-122.316583,2200,1.01,false
a483a2,2,2026-10-02 17:56:43.76,38.166779,-122.318563,2275,1.45,false
a483a2,2,2026-10-02 17:56:45.71,38.166178,-122.321121,2350,1.95,false
a483a2,2,2026-10-02 17:56:47.19,38.165817,-122.32318,2425,1.48,false
a483a2,2,2026-10-02 17:56:48.76,38.165497,-122.325459,2500,1.57,false
a483a2,2,2026-10-02 17:56:50.72,38.165247,-122.328166,2575,1.96,false
a483a2,2,2026-10-02 17:56:52.14,38.165154,-122.330256,2650,1.42,false
a483a2,2,2026-10-02 17:56:54.04,38.1652,-122.333182,2725,1.9,false
a483a2,2,2026-10-02 17:56:55.52,38.165294,-122.335271,2800,1.48,false
a483a2,2,2026-10-02 17:56:57.11,38.165526,-122.33766,2875,1.59,false
a483a2,2,2026-10-02 17:56:59.04,38.165945,-122.340645,2975,1.93,false
a483a2,2,2026-10-02 17:57:01,38.166412,-122.343516,3050,1.96,false
a483a2,2,2026-10-02 17:57:02.4,38.166779,-122.34562,3125,1.4,false
a483a2,2,2026-10-02 17:57:03.5,38.167109,-122.347213,3200,1.1,false
a483a2,2,2026-10-02 17:57:04.85,38.167528,-122.349303,3275,1.35,false
a483a2,2,2026-10-02 17:57:05.88,38.167854,-122.350855,3350,1.03,false
a483a2,2,2026-10-02 17:57:07.25,38.168273,-122.352945,3425,1.37,false
a483a2,2,2026-10-02 17:57:08.74,38.168701,-122.355204,3500,1.49,false
a483a2,2,2026-10-02 17:57:09.69,38.169018,-122.356528,3575,0.95,false
a483a2,2,2026-10-02 17:57:11.47,38.169576,-122.359274,3675,1.78,false
a483a2,2,2026-10-02 17:57:12.54,38.169937,-122.360872,3750,1.07,false
a483a2,2,2026-10-02 17:57:13.95,38.170395,-122.362976,3825,1.41,false
a483a2,2,2026-10-02 17:57:14.88,38.170694,-122.364349,3900,0.93,false
a483a2,2,2026-10-02 17:57:15.89,38.171019,-122.365842,3975,1.01,false
a483a2,2,2026-10-02 17:57:17.36,38.171539,-122.368119,4050,1.47,false
a483a2,2,2026-10-02 17:57:18.35,38.17186,-122.369638,4125,0.99,false
a483a2,2,2026-10-02 17:57:19.5,38.172276,-122.371276,4200,1.15,false
a483a2,2,2026-10-02 17:57:20.96,38.172867,-122.373553,4275,1.46,false
a483a2,2,2026-10-02 17:57:22.45,38.173487,-122.375754,4350,1.49,false
a483a2,2,2026-10-02 17:57:23.46,38.173952,-122.377246,4425,1.01,false
a483a2,2,2026-10-02 17:57:24.55,38.174606,-122.378871,4475,1.09,false
a483a2,2,2026-10-02 17:57:25.69,38.175209,-122.380471,4550,1.14,false
a483a2,2,2026-10-02 17:57:27.12,38.176047,-122.382441,4625,1.43,false
a483a2,2,2026-10-02 17:57:28.8,38.177216,-122.384773,4700,1.68,false
a483a2,2,2026-10-02 17:57:30.47,38.178468,-122.387098,4775,1.67,false
a483a2,2,2026-10-02 17:57:30.99,38.178864,-122.387754,4800,0.52,false
a483a2,2,2026-10-02 17:57:32.68,38.180283,-122.389905,4900,1.69,false
a483a2,2,2026-10-02 17:57:34.66,38.182099,-122.392353,4975,1.98,false
a483a2,2,2026-10-02 17:57:36.05,38.18335,-122.39389,5050,1.39,false
a483a2,2,2026-10-02 17:57:37.37,38.184769,-122.395468,5125,1.32,false
a483a2,2,2026-10-02 17:57:38.7,38.186149,-122.396771,5200,1.33,false
a483a2,2,2026-10-02 17:57:40.2,38.187744,-122.398331,5275,1.5,false
a483a2,2,2026-10-02 17:57:41.72,38.189454,-122.399697,5350,1.52,false
a483a2,2,2026-10-02 17:57:43.2,38.191223,-122.400961,5425,1.48,false
a483a2,2,2026-10-02 17:57:44.57,38.192917,-122.402013,5500,1.37,false
a483a2,2,2026-10-02 17:57:45.65,38.194249,-122.402802,5575,1.08,false
a483a2,2,2026-10-02 17:57:46.81,38.195663,-122.403532,5650,1.16,false
a483a2,2,2026-10-02 17:57:48.39,38.197678,-122.404525,5750,1.58,false
a483a2,2,2026-10-02 17:57:49.67,38.19937,-122.40519,5825,1.28,false
a483a2,2,2026-10-02 17:57:51.3,38.201465,-122.405906,5925,1.63,false
a483a2,2,2026-10-02 17:57:52.72,38.203491,-122.406395,6000,1.42,false
a483a2,2,2026-10-02 17:57:53.77,38.204723,-122.406683,6075,1.05,false
a483a2,2,2026-10-02 17:57:55.3,38.206865,-122.407101,6150,1.53,false
a483a2,2,2026-10-02 17:57:56.73,38.208893,-122.407272,6250,1.43,false
a483a2,2,2026-10-02 17:57:58.41,38.21109,-122.407389,6350,1.68,false
a483a2,2,2026-10-02 17:57:59.87,38.213149,-122.407339,6425,1.46,false
a483a2,2,2026-10-02 17:58:00.95,38.214661,-122.407214,6500,1.08,false
a483a2,2,2026-10-02 17:58:02.48,38.216687,-122.406981,6575,1.53,false
a483a2,2,2026-10-02 17:58:03.5,38.218084,-122.406742,6650,1.02,false
a483a2,2,2026-10-02 17:58:04.98,38.220108,-122.40622,6725,1.48,false
a483a2,2,2026-10-02 17:58:06.49,38.222087,-122.405668,6800,1.51,false
a483a2,2,2026-10-02 17:58:07.57,38.223541,-122.40511,6875,1.08,false
a483a2,2,2026-10-02 17:58:09.03,38.225418,-122.404409,6950,1.46,false
a483a2,2,2026-10-02 17:58:12.89,38.230467,-122.402085,7150,3.86,false
a483a2,2,2026-10-02 17:58:17.48,38.236379,-122.39904,7350,4.59,false
a483a2,2,2026-10-02 17:58:22.03,38.242244,-122.395875,7550,4.55,false
a483a2,2,2026-10-02 17:58:29.2,38.251328,-122.390676,7750,7.17,false
a483a2,2,2026-10-02 17:58:36.25,38.260345,-122.385358,7950,7.05,false
a483a2,2,2026-10-02 17:58:42.75,38.268906,-122.380391,8150,6.5,false
a483a2,2,2026-10-02 17:58:48.53,38.27655,-122.376066,8350,5.78,false
a483a2,2,2026-10-02 17:58:53.58,38.283096,-122.372385,8550,5.05,false
a483a2,2,2026-10-02 17:58:57.88,38.288657,-122.369245,8775,4.3,false
a483a2,2,2026-10-02 17:59:02.02,38.293945,-122.366307,8975,4.14,false
a483a2,2,2026-10-02 17:59:05.36,38.298107,-122.363931,9175,3.34,false
a483a2,2,2026-10-02 17:59:08.78,38.302551,-122.361457,9375,3.42,false
a483a2,2,2026-10-02 17:59:11.94,38.30658,-122.359119,9575,3.16,false
a483a2,2,2026-10-02 17:59:15.58,38.311066,-122.356548,9775,3.64,false
a483a2,2,2026-10-02 17:59:18.83,38.315192,-122.354139,10000,3.25,false
a483a2,2,2026-10-02 17:59:22.12,38.319195,-122.351811,10200,3.29,false
a483a2,2,2026-10-02 17:59:25.3,38.323152,-122.349482,10400,3.18,false
a483a2,2,2026-10-02 17:59:28.94,38.327774,-122.346789,10600,3.64,false
a483a2,2,2026-10-02 17:59:32.06,38.331625,-122.344526,10800,3.12,false
a483a2,2,2026-10-02 17:59:36.13,38.336792,-122.341529,11000,4.07,false
a483a2,2,2026-10-02 17:59:39.97,38.341599,-122.338724,11200,3.84,false
a483a2,2,2026-10-02 17:59:43.99,38.34668,-122.335744,11400,4.02,false
a483a2,2,2026-10-02 17:59:48.37,38.352264,-122.332413,11600,4.38,false
a483a2,2,2026-10-02 17:59:53.17,38.35849,-122.32879,11800,4.8,false
a483a2,2,2026-10-02 17:59:58.82,38.36586,-122.324465,12000,5.65,false
a483a2,2,2026-10-02 18:00:08.04,38.37841,-122.31706,12250,9.22,false
a483a2,2,2026-10-02 18:00:18.11,38.392236,-122.308761,12450,10.07,false
a483a2,2,2026-10-02 18:00:21.14,38.396286,-122.305776,12475,3.03,false
a483a2,2,2026-10-02 18:00:24.32,38.400382,-122.302074,12525,3.18,false
a483a2,2,2026-10-02 18:00:27.18,38.403854,-122.298227,12600,2.86,false
a483a2,2,2026-10-02 18:00:30.2,38.407196,-122.293961,12650,3.02,false
a483a2,2,2026-10-02 18:00:33.19,38.410172,-122.289286,12750,2.99,false
a483a2,2,2026-10-02 18:00:36.42,38.41301,-122.283982,12825,3.23,false
a483a2,2,2026-10-02 18:00:39.62,38.41539,-122.278369,12925,3.2,false
a483a2,2,2026-10-02 18:00:43.16,38.417679,-122.271742,13050,3.54,false
a483a2,2,2026-10-02 18:00:46.52,38.419236,-122.265442,13150,3.36,false
a483a2,2,2026-10-02 18:00:50.2,38.420563,-122.258248,13275,3.68,false
a483a2,2,2026-10-02 18:00:56.67,38.422308,-122.245483,13550,6.47,false
a483a2,2,2026-10-02 18:01:07.85,38.424915,-122.22345,13925,11.18,false
a483a2,2,2026-10-02 18:01:19.65,38.427429,-122.199951,14300,11.8,false
a483a2,2,2026-10-02 18:01:29.69,38.429524,-122.179749,14675,10.04,false
a483a2,2,2026-10-02 18:01:38.06,38.4312,-122.162598,15050,8.37,false
a483a2,2,2026-10-02 18:01:45.26,38.432596,-122.147888,15425,7.2,false
a483a2,2,2026-10-02 18:01:52.61,38.433975,-122.13292,15800,7.35,false
a483a2,2,2026-10-02 18:02:00.19,38.435394,-122.117276,16175,7.58,false
a483a2,2,2026-10-02 18:02:08.79,38.436996,-122.099424,16550,8.6,false
a483a2,2,2026-10-02 18:02:17.63,38.438648,-122.08075,16925,8.84,false
a483a2,2,2026-10-02 18:02:26.66,38.440231,-122.061707,17300,9.03,false
a483a2,2,2026-10-02 18:02:36.06,38.441953,-122.041565,17675,9.4,false
a483a2,2,2026-10-02 18:02:45.25,38.443676,-122.021667,18050,9.19,false
a483a2,2,2026-10-02 18:02:54.53,38.445511,-122.001383,18425,9.28,false
a483a2,2,2026-10-02 18:03:04.24,38.447493,-121.980042,18800,9.71,false
a483a2,2,2026-10-02 18:03:11.33,38.449265,-121.964184,18975,7.09,false
a483a2,2,2026-10-02 18:03:17.59,38.451462,-121.950213,19075,6.26,false
a483a2,2,2026-10-02 18:03:24.8,38.454758,-121.934091,19300,7.21,false
a483a2,2,2026-10-02 18:03:33.2,38.458878,-121.915462,19675,8.4,false
a483a2,2,2026-10-02 18:03:40.16,38.462402,-121.900058,20050,6.96,false
a483a2,2,2026-10-02 18:03:46.81,38.465744,-121.885608,20425,6.65,false
a483a2,2,2026-10-02 18:03:54.45,38.469699,-121.868713,20800,7.64,false
a483a2,2,2026-10-02 18:04:04.68,38.475099,-121.846191,21175,10.23,false
a483a2,2,2026-10-02 18:04:14.85,38.480592,-121.823486,21550,10.17,false
a483a2,2,2026-10-02 18:04:23.94,38.485611,-121.803091,21925,9.09,false
a483a2,2,2026-10-02 18:04:32.99,38.490692,-121.78279,22300,9.05,false
a483a2,2,2026-10-02 18:04:40.84,38.495349,-121.765015,22650,7.85,false
a483a2,2,2026-10-02 18:04:44.82,38.498282,-121.756226,22800,3.98,false
a483a2,2,2026-10-02 18:04:48.25,38.501308,-121.749023,22950,3.43,false
a483a2,2,2026-10-02 18:04:51.98,38.505112,-121.741592,23100,3.73,false
a483a2,2,2026-10-02 18:04:55.44,38.509048,-121.735084,23250,3.46,false
a483a2,2,2026-10-02 18:04:58.86,38.513504,-121.728943,23375,3.42,false
a483a2,2,2026-10-02 18:05:02.42,38.518387,-121.723202,23500,3.56,false
a483a2,2,2026-10-02 18:05:05.86,38.523653,-121.718018,23650,3.44,false
a483a2,2,2026-10-02 18:05:09.48,38.529332,-121.713318,23800,3.62,false
a483a2,2,2026-10-02 18:05:14.08,38.53692,-121.707947,24000,4.6,false
a483a2,2,2026-10-02 18:05:21.25,38.549024,-121.700195,24375,7.17,false
a483a2,2,2026-10-02 18:05:29.45,38.56285,-121.691772,24750,8.2,false
a483a2,2,2026-10-02 18:05:40.3,38.581238,-121.680786,25125,10.85,false
a483a2,2,2026-10-02 18:05:51.12,38.599719,-121.669861,25500,10.82,false
a483a2,2,2026-10-02 18:06:00.81,38.616348,-121.66003,25875,9.69,false
a483a2,2,2026-10-02 18:06:10.97,38.633881,-121.649641,26250,10.16,false
a483a2,2,2026-10-02 18:06:21.83,38.652512,-121.638416,26575,10.86,false
a483a2,2,2026-10-02 18:06:26.23,38.659927,-121.633102,26675,4.4,false
a483a2,2,2026-10-02 18:06:29.79,38.665695,-121.628086,26750,3.56,false
a483a2,2,2026-10-02 18:06:33.47,38.671316,-121.622253,26825,3.68,false
a483a2,2,2026-10-02 18:06:36.99,38.676224,-121.616145,26925,3.52,false
a483a2,2,2026-10-02 18:06:40.55,38.680847,-121.609278,27000,3.56,false
a483a2,2,2026-10-02 18:06:44.08,38.68491,-121.602173,27100,3.53,false
a483a2,2,2026-10-02 18:06:48.21,38.689178,-121.593336,27225,4.13,false
a483a2,2,2026-10-02 18:06:55.49,38.696036,-121.577087,27500,7.28,false
a483a2,2,2026-10-02 18:07:07.91,38.707348,-121.549011,27850,12.42,false
a483a2,2,2026-10-02 18:07:22.85,38.721034,-121.514343,28150,14.94,false
a483a2,2,2026-10-02 18:07:34.78,38.731934,-121.486518,28500,11.93,false
a483a2,2,2026-10-02 18:07:48.3,38.744357,-121.45459,28825,13.52,false
a483a2,2,2026-10-02 18:08:03.13,38.758301,-121.418809,29125,14.83,false
a483a2,2,2026-10-02 18:08:15.68,38.7701,-121.388489,29475,12.55,false
a483a2,2,2026-10-02 18:08:28.12,38.781878,-121.358276,29825,12.44,false
a483a2,2,2026-10-02 18:08:42.13,38.79538,-121.323514,30125,14.01,false
a483a2,2,2026-10-02 18:08:55.65,38.808459,-121.289856,30425,13.52,false
a483a2,2,2026-10-02 18:09:08.44,38.820889,-121.257812,30775,12.79,false
a483a2,2,2026-10-02 18:09:21.7,38.83383,-121.224487,31100,13.26,false
a483a2,2,2026-10-02 18:09:36.12,38.848075,-121.187805,31400,14.42,false
a483a2,2,2026-10-02 18:09:48.47,38.860365,-121.156067,31750,12.35,false
a483a2,2,2026-10-02 18:09:59.62,38.871368,-121.127611,32125,11.15,false
a483a2,2,2026-10-02 18:10:11.3,38.882943,-121.097656,32475,11.68,false
a483a2,2,2026-10-02 18:10:24.73,38.89621,-121.063232,32800,13.43,false
a483a2,2,2026-10-02 18:10:38.65,38.910222,-121.026978,33100,13.92,false
a483a2,2,2026-10-02 18:10:51.76,38.923325,-120.992909,33425,13.11,false
a483a2,2,2026-10-02 18:11:04.09,38.93564,-120.960815,33750,12.33,false
a483a2,2,2026-10-02 18:11:18.2,38.949829,-120.923946,34050,14.11,false
a483a2,2,2026-10-02 18:11:31.65,38.963478,-120.888367,34350,13.45,false
a483a2,2,2026-10-02 18:11:43.96,38.975922,-120.855998,34700,12.31,false
a483a2,2,2026-10-02 18:11:56.74,38.98871,-120.82251,35025,12.78,false
a483a2,2,2026-10-02 18:12:09.56,39.00174,-120.788468,35375,12.82,false
a483a2,2,2026-10-02 18:12:22.16,39.01442,-120.75527,35725,12.6,false
a483a2,2,2026-10-02 18:12:33.87,39.026184,-120.724487,36075,11.71,false
a483a2,2,2026-10-02 18:12:44.24,39.036565,-120.697266,36450,10.37,false
a483a2,2,2026-10-02 18:12:52.14,39.044246,-120.677063,36825,7.9,false
a483a2,2,2026-10-02 18:12:58.94,39.050857,-120.659668,37200,6.8,false
a483a2,2,2026-10-02 18:13:07.13,39.058771,-120.638916,37575,8.19,false
a483a2,2,2026-10-02 18:13:19.59,39.070724,-120.607432,37900,12.46,false
a483a2,2,2026-10-02 18:13:39.34,39.089774,-120.557373,38075,19.75,false
a483a2,2,2026-10-02 18:13:57.47,39.107511,-120.51062,38300,18.13,false
a483a2,2,2026-10-02 18:14:14.46,39.124008,-120.466999,38550,16.99,false
a483a2,2,2026-10-02 18:14:32.56,39.141861,-120.419769,38775,18.1,false
a483a2,2,2026-10-02 18:14:50.71,39.159649,-120.37262,39000,18.15,false
a483a2,2,2026-10-02 18:15:09.05,39.177805,-120.324463,39250,18.34,false
a483a2,2,2026-10-02 18:15:26.87,39.195355,-120.27771,39475,17.82,false
a483a2,2,2026-10-02 18:15:43.57,39.211853,-120.233778,39725,16.7,false
a483a2,2,2026-10-02 18:16:01.54,39.229524,-120.186646,39950,17.97,false
a483a2,2,2026-10-02 18:16:18.9,39.246749,-120.140686,40200,17.36,false
a483a2,2,2026-10-02 18:16:37.03,39.264633,-120.092866,40425,18.13,false
a483a2,2,2026-10-02 18:16:54.05,39.281387,-120.047966,40675,17.02,false
a483a2,2,2026-10-02 18:17:10.15,39.297258,-120.005432,40925,16.1,false
a483a2,2,2026-10-02 18:17:29.87,39.316544,-119.953567,41000,19.72,false
a483a2,2,2026-10-02 18:17:49.81,39.335999,-119.901143,40975,19.94,false
a483a2,2,2026-10-02 18:18:09.47,39.355076,-119.849854,41000,19.66,false
a483a2,2,2026-10-02 18:18:29.09,39.373929,-119.798889,40975,19.62,false
a483a2,2,2026-10-02 18:18:48.68,39.392783,-119.747925,40975,19.59,false
a483a2,2,2026-10-02 18:19:01.98,39.405771,-119.713928,41000,13.3,false
a483a2,2,2026-10-02 18:19:21.87,39.426041,-119.663146,40975,19.89,false
a483a2,2,2026-10-02 18:19:41.79,39.44632,-119.612035,41000,19.92,false
a483a2,2,2026-10-02 18:20:01.46,39.466095,-119.56188,41000,19.67,false
a483a2,2,2026-10-02 18:20:21.25,39.486008,-119.511248,40975,19.79,false
a483a2,2,2026-10-02 18:20:40.97,39.505858,-119.460815,41000,19.72,false
a483a2,2,2026-10-02 18:21:00.74,39.525783,-119.410095,40975,19.77,false
a483a2,2,2026-10-02 18:21:20.41,39.545474,-119.359924,41000,19.67,false
a483a2,2,2026-10-02 18:21:40,39.565292,-119.309314,40975,19.59,false
a483a2,2,2026-10-02 18:21:59.83,39.585159,-119.258562,41000,19.83,false
a483a2,2,2026-10-02 18:22:19.46,39.604889,-119.208228,40975,19.63,false
a483a2,2,2026-10-02 18:22:39.24,39.624706,-119.15741,40975,19.78,false
a483a2,2,2026-10-02 18:22:58.3,39.64389,-119.108157,41000,19.06,false
a483a2,2,2026-10-02 18:23:17.48,39.663208,-119.05848,40975,19.18,false
a483a2,2,2026-10-02 18:23:37.08,39.682938,-119.007728,41000,19.6,false
a483a2,2,2026-10-02 18:23:56.72,39.702774,-118.956604,40975,19.64,false
a483a2,2,2026-10-02 18:24:16.05,39.722168,-118.906522,41000,19.33,false
a483a2,2,2026-10-02 18:24:35.98,39.742157,-118.854797,41000,19.93,false
a483a2,2,2026-10-02 18:24:55.63,39.761948,-118.803465,41000,19.65,false
a483a2,2,2026-10-02 18:25:11.12,39.77742,-118.763341,41000,15.49,false
a483a2,2,2026-10-02 18:25:30.89,39.797229,-118.711914,40975,19.77,false
a483a2,2,2026-10-02 18:25:32.69,39.799118,-118.706977,41000,1.8,false
a483a2,2,2026-10-02 18:25:48.96,39.814872,-118.666016,41000,16.27,true
a483a2,2,2026-10-02 18:25:49.52,39.815369,-118.664703,41000,0.56,false
a483a2,2,2026-10-02 18:26:25.5,39.852081,-118.568812,40975,35.98,true
a483a2,2,2026-10-02 18:26:37.3,39.863892,-118.537883,40975,11.8,false
a483a2,2,2026-10-02 18:26:57.4,39.883987,-118.485399,41000,20.1,true
a483a2,2,2026-10-02 18:27:16.69,39.903321,-118.434631,41000,19.29,false
a483a2,2,2026-10-02 18:27:36.59,39.923106,-118.382554,41000,19.9,false
a483a2,2,2026-10-02 18:27:42.63,39.929214,-118.366516,41000,6.04,false
a483a2,2,2026-10-02 18:28:19.01,39.965748,-118.270319,41000,36.38,true
a483a2,2,2026-10-02 18:28:38.31,39.984833,-118.21991,41000,19.3,false
a483a2,2,2026-10-02 18:28:41.76,39.988449,-118.210388,41000,3.45,false
a483a2,2,2026-10-02 18:29:02.62,40.009186,-118.155334,41000,20.86,true
a483a2,2,2026-10-02 18:29:15.49,40.021957,-118.12146,41000,12.87,false
a483a2,2,2026-10-02 18:29:39.02,40.045585,-118.058707,40975,23.53,true
a483a2,2,2026-10-02 18:29:54.27,40.060528,-118.019007,41000,15.25,false
a483a2,2,2026-10-02 18:31:21.66,40.147534,-117.786421,41000,87.39,true
a483a2,2,2026-10-02 18:31:34.46,40.160197,-117.752401,41000,12.8,false
a483a2,2,2026-10-02 18:31:54.23,40.179749,-117.699717,41000,19.77,true
a483a2,2,2026-10-02 18:31:57.24,40.182728,-117.691727,41000,3.01,false
a483a2,2,2026-10-02 18:32:14.87,40.200092,-117.64491,41000,17.63,true
a483a2,2,2026-10-02 18:32:18.68,40.203863,-117.634798,40975,3.81,false
a483a2,2,2026-10-02 18:33:26.44,40.270615,-117.454163,41000,67.76,true
a483a2,2,2026-10-02 18:33:46.28,40.289891,-117.401713,41000,19.84,false
a483a2,2,2026-10-02 18:34:04.91,40.308197,-117.351929,40975,18.63,false
a483a2,2,2026-10-02 18:34:24.42,40.327377,-117.299683,40975,19.51,false
a483a2,2,2026-10-02 18:34:44.01,40.346359,-117.247779,41000,19.59,false
a483a2,2,2026-10-02 18:35:03.94,40.365678,-117.195032,41000,19.93,false
a483a2,2,2026-10-02 18:35:23.63,40.384827,-117.142517,41000,19.69,false
a483a2,2,2026-10-02 18:35:43.36,40.403944,-117.089976,40975,19.73,false
a483a2,2,2026-10-02 18:36:03.07,40.423233,-117.036926,40975,19.71,false
a483a2,2,2026-10-02 18:36:22.12,40.441589,-116.986328,41000,19.05,false
a483a2,2,2026-10-02 18:36:42.07,40.460907,-116.932983,41000,19.95,false
a483a2,2,2026-10-02 18:37:01.92,40.479996,-116.880127,41000,19.85,false
a483a2,2,2026-10-02 18:37:21.61,40.499004,-116.827552,40975,19.69,false
a483a2,2,2026-10-02 18:37:41.11,40.517857,-116.775242,40975,19.5,false
a483a2,2,2026-10-02 18:38:00.29,40.536163,-116.724182,41000,19.18,false
a483a2,2,2026-10-02 18:38:20.15,40.555285,-116.670997,41150,19.86,false
a483a2,2,2026-10-02 18:38:37.53,40.571823,-116.624695,41400,17.38,false
a483a2,2,2026-10-02 18:38:55.63,40.589129,-116.576365,41625,18.1,false
a483a2,2,2026-10-02 18:39:14.13,40.606796,-116.526917,41850,18.5,false
a483a2,2,2026-10-02 18:39:33.92,40.625702,-116.473938,42050,19.79,false
a483a2,2,2026-10-02 18:39:51.78,40.642822,-116.425842,42275,17.86,false
a483a2,2,2026-10-02 18:40:11.12,40.661145,-116.374241,42500,19.34,false
a483a2,2,2026-10-02 18:40:29.44,40.678482,-116.325378,42725,18.32,false
a483a2,2,2026-10-02 18:40:49.02,40.696976,-116.273071,42950,19.58,false
a483a2,2,2026-10-02 18:41:07.48,40.714354,-116.223866,43175,18.46,false
a483a2,2,2026-10-02 18:41:27.19,40.732743,-116.171806,43375,19.71,false
a483a2,2,2026-10-02 18:41:45.29,40.749688,-116.123616,43600,18.1,false
a483a2,2,2026-10-02 18:42:03.39,40.7664,-116.07605,43825,18.1,false
a483a2,2,2026-10-02 18:42:22.24,40.783764,-116.026611,44050,18.85,false
a483a2,2,2026-10-02 18:42:41.7,40.801666,-115.975464,44275,19.46,false
a483a2,2,2026-10-02 18:43:01.04,40.819382,-115.924805,44500,19.34,false
a483a2,2,2026-10-02 18:43:20.64,40.837143,-115.873901,44700,19.6,false
a483a2,2,2026-10-02 18:43:40.43,40.854896,-115.822927,44875,19.79,false
a483a2,2,2026-10-02 18:43:59.84,40.872306,-115.772927,45000,19.41,false
a483a2,2,2026-10-02 18:44:19.55,40.890015,-115.721985,45000,19.71,false
a483a2,2,2026-10-02 18:44:39.03,40.907684,-115.670959,45000,19.48,false
a483a2,2,2026-10-02 18:44:58.57,40.925376,-115.619867,45000,19.54,false
a483a2,2,2026-10-02 18:45:18.23,40.943298,-115.567932,44975,19.66,false
a483a2,2,2026-10-02 18:45:37.96,40.961268,-115.515685,45000,19.73,false
a483a2,2,2026-10-02 18:45:57.79,40.979423,-115.463,45000,19.83,false
a483a2,2,2026-10-02 18:46:17.58,40.997625,-115.409941,45000,19.79,false
a483a2,2,2026-10-02 18:46:37.27,41.015762,-115.356934,45000,19.69,false
a483a2,2,2026-10-02 18:46:57.19,41.034256,-115.302856,45000,19.92,false
a483a2,2,2026-10-02 18:47:17.06,41.052743,-115.248767,45000,19.87,false
a483a2,2,2026-10-02 18:47:37.05,41.071131,-115.194709,45000,19.99,false
a483a2,2,2026-10-02 18:47:56.72,41.089565,-115.140464,45000,19.67,false
a483a2,2,2026-10-02 18:48:15.8,41.107255,-115.088404,45000,19.08,false
a483a2,2,2026-10-02 18:48:35.28,41.125305,-115.035156,44975,19.48,false
a483a2,2,2026-10-02 18:48:47.88,41.136816,-115.000451,45000,12.6,false
a483a2,2,2026-10-02 18:48:54.74,41.142197,-114.981812,45000,6.86,false
a483a2,2,2026-10-02 18:49:01.13,41.146732,-114.963372,44975,6.39,false
a483a2,2,2026-10-02 18:49:11.73,41.153137,-114.933228,44975,10.6,false
a483a2,2,2026-10-02 18:49:31.47,41.164536,-114.876404,45000,19.74,false
a483a2,2,2026-10-02 18:49:51.29,41.17578,-114.819364,44975,19.82,false
a483a2,2,2026-10-02 18:50:11.2,41.186906,-114.762684,44975,19.91,false
a483a2,2,2026-10-02 18:50:30.59,41.197753,-114.707253,44975,19.39,false
a483a2,2,2026-10-02 18:50:50.56,41.208801,-114.650513,45000,19.97,false
a483a2,2,2026-10-02 18:51:10.22,41.219726,-114.594269,44975,19.66,false
a483a2,2,2026-10-02 18:51:29.57,41.230545,-114.538391,44975,19.35,false
a483a2,2,2026-10-02 18:51:49.36,41.241372,-114.482346,45000,19.79,false
a483a2,2,2026-10-02 18:52:09.17,41.252498,-114.424543,45000,19.81,false
a483a2,2,2026-10-02 18:52:28.94,41.263531,-114.366989,45000,19.77,false
a483a2,2,2026-10-02 18:52:48.49,41.274399,-114.310059,44975,19.55,false
a483a2,2,2026-10-02 18:53:08.4,41.285568,-114.251465,45000,19.91,false
a483a2,2,2026-10-02 18:53:28.18,41.296583,-114.193518,45000,19.78,false
a483a2,2,2026-10-02 18:53:48.1,41.307724,-114.134644,45000,19.92,false
a483a2,2,2026-10-02 18:54:07.76,41.318789,-114.076164,44975,19.66,false
a483a2,2,2026-10-02 18:54:27.4,41.329788,-114.017639,45000,19.64,false
a483a2,2,2026-10-02 18:54:47.03,41.340729,-113.959351,45000,19.63,false
a483a2,2,2026-10-02 18:55:06.57,41.351608,-113.901381,45000,19.54,false
a483a2,2,2026-10-02 18:55:23.74,41.361058,-113.850195,44975,17.17,false
a483a2,2,2026-10-02 18:55:31.25,41.364456,-113.82791,44975,7.51,false
a483a2,2,2026-10-02 18:55:46.7,41.370462,-113.780594,45000,15.45,false
a483a2,2,2026-10-02 18:56:06.6,41.377957,-113.720481,45000,19.9,false
a483a2,2,2026-10-02 18:56:26.48,41.385773,-113.660095,45000,19.88,false
a483a2,2,2026-10-02 18:56:46.28,41.3936,-113.600131,45000,19.8,false
a483a2,2,2026-10-02 18:57:05.94,41.401372,-113.540316,45000,19.66,false
a483a2,2,2026-10-02 18:57:25.79,41.409119,-113.48003,45000,19.85,false
a483a2,2,2026-10-02 18:57:45.37,41.416688,-113.420744,44975,19.58,false
a483a2,2,2026-10-02 18:58:05.32,41.424362,-113.36018,44975,19.95,false
a483a2,2,2026-10-02 18:58:24.85,41.43187,-113.300629,45000,19.53,false
a483a2,2,2026-10-02 18:58:44.79,41.439514,-113.239892,44975,19.94,false
a483a2,2,2026-10-02 18:59:04.25,41.446838,-113.181027,45000,19.46,false
a483a2,2,2026-10-02 18:59:23.94,41.454256,-113.121239,44975,19.69,false
a483a2,2,2026-10-02 18:59:43.66,41.46167,-113.061426,45000,19.72,false
a483a2,2,2026-10-02 19:00:03.27,41.469059,-113.001603,44975,19.61,false
a483a2,2,2026-10-02 19:00:22.93,41.476321,-112.942008,44975,19.66,false
a483a2,2,2026-10-02 19:00:42.62,41.483597,-112.882212,45000,19.69,false
a483a2,2,2026-10-02 19:01:02.58,41.490939,-112.821861,44975,19.96,false
a483a2,2,2026-10-02 19:01:22.04,41.498154,-112.762267,45000,19.46,false
a483a2,2,2026-10-02 19:01:41.87,41.50537,-112.702097,44975,19.83,false
a483a2,2,2026-10-02 19:02:01.83,41.512586,-112.641864,45000,19.96,false
a483a2,2,2026-10-02 19:02:21.35,41.519708,-112.58227,44975,19.52,false
a483a2,2,2026-10-02 19:02:41.04,41.526784,-112.522611,44975,19.69,false
a483a2,2,2026-10-02 19:03:00.66,41.533722,-112.462609,44975,19.62,false
a483a2,2,2026-10-02 19:03:20.54,41.540039,-112.402122,45000,19.88,false
a483a2,2,2026-10-02 19:03:40.45,41.546402,-112.341073,45000,19.91,false
a483a2,2,2026-10-02 19:03:59.93,41.552667,-112.281359,44975,19.48,false
a483a2,2,2026-10-02 19:04:19.57,41.558952,-112.221509,45000,19.64,false
a483a2,2,2026-10-02 19:04:39.38,41.565308,-112.160672,44975,19.81,false
a483a2,2,2026-10-02 19:04:59.06,41.571567,-112.100468,44975,19.68,false
a483a2,2,2026-10-02 19:05:19,41.57785,-112.039698,45000,19.94,false
a483a2,2,2026-10-02 19:05:38.65,41.583984,-111.979772,45000,19.65,false
a483a2,2,2026-10-02 19:05:58.29,41.590142,-111.919513,44975,19.64,false
a483a2,2,2026-10-02 19:06:18.26,41.596298,-111.858798,45025,19.97,false
a483a2,2,2026-10-02 19:06:38.05,41.602431,-111.797961,44950,19.79,false
a483a2,2,2026-10-02 19:06:57.76,41.608475,-111.737699,45000,19.71,false
a483a2,2,2026-10-02 19:07:17.57,41.614517,-111.677211,44975,19.81,false
a483a2,2,2026-10-02 19:07:37.53,41.620587,-111.616239,44975,19.96,false
a483a2,2,2026-10-02 19:07:57.11,41.626499,-111.556262,45000,19.58,false
a483a2,2,2026-10-02 19:08:16.81,41.632416,-111.495937,44975,19.7,false
a483a2,2,2026-10-02 19:08:36.56,41.638323,-111.435604,45000,19.75,false
a483a2,2,2026-10-02 19:08:56.52,41.644282,-111.37454,44975,19.96,false
a483a2,2,2026-10-02 19:09:16.4,41.650131,-111.313664,44975,19.88,false
a483a2,2,2026-10-02 19:09:36.1,41.655899,-111.253801,45000,19.7,false
a483a2,2,2026-10-02 19:09:55.8,41.661667,-111.193189,44975,19.7,false
a483a2,2,2026-10-02 19:10:15.35,41.667389,-111.133076,44975,19.55,false
a483a2,2,2026-10-02 19:10:34.88,41.673051,-111.073374,45000,19.53,false
a483a2,2,2026-10-02 19:10:54.79,41.678777,-111.012119,44975,19.91,false
a483a2,2,2026-10-02 19:11:14.49,41.684363,-110.952269,45000,19.7,false
a483a2,2,2026-10-02 19:11:34.25,41.689996,-110.891844,44975,19.76,false
a483a2,2,2026-10-02 19:11:53.99,41.695536,-110.831483,45000,19.74,false
a483a2,2,2026-10-02 19:12:13.85,41.701076,-110.771186,44975,19.86,false
a483a2,2,2026-10-02 19:12:33.39,41.706482,-110.711975,44975,19.54,false
a483a2,2,2026-10-02 19:12:53.35,41.711969,-110.65155,45000,19.96,false
a483a2,2,2026-10-02 19:13:13.13,41.717422,-110.591125,44975,19.78,false
a483a2,2,2026-10-02 19:13:33.05,41.722778,-110.530888,45000,19.92,false
a483a2,2,2026-10-02 19:13:52.8,41.728134,-110.470775,44975,19.75,false
a483a2,2,2026-10-02 19:14:11.81,41.733243,-110.412789,45000,19.01,false
a483a2,2,2026-10-02 19:14:31.61,41.738525,-110.352984,44975,19.8,false
a483a2,2,2026-10-02 19:14:51.37,41.74379,-110.292996,45000,19.76,false
a483a2,2,2026-10-02 19:15:10.96,41.748962,-110.23357,45000,19.59,false
a483a2,2,2026-10-02 19:15:30.38,41.754044,-110.174519,45000,19.42,false
a483a2,2,2026-10-02 19:15:50.06,41.759216,-110.114219,45000,19.68,false
a483a2,2,2026-10-02 19:16:09.89,41.76434,-110.054137,45000,19.83,false
a483a2,2,2026-10-02 19:16:29.89,41.769507,-109.993201,44975,20.0,false
a483a2,2,2026-10-02 19:16:48.91,41.774414,-109.935129,45000,19.02,false
a483a2,2,2026-10-02 19:17:08.51,41.779377,-109.875864,45000,19.6,false
a483a2,2,2026-10-02 19:17:28.1,41.784358,-109.816206,44975,19.59,false
a483a2,2,2026-10-02 19:17:47.75,41.789337,-109.756165,45000,19.65,false
a483a2,2,2026-10-02 19:18:07.36,41.794235,-109.696426,44975,19.61,false
a483a2,2,2026-10-02 19:18:26.92,41.799068,-109.63704,45000,19.56,false
a483a2,2,2026-10-02 19:18:46.81,41.803986,-109.576451,44975,19.89,false
a483a2,2,2026-10-02 19:19:06.2,41.808751,-109.516956,45000,19.39,false
a483a2,2,2026-10-02 19:19:26.14,41.813592,-109.456595,44975,19.94,false
a483a2,2,2026-10-02 19:19:45.69,41.818314,-109.397174,45000,19.55,false
a483a2,2,2026-10-02 19:20:05.33,41.82312,-109.336749,45000,19.64,false
a483a2,2,2026-10-02 19:20:25.07,41.827837,-109.276535,44975,19.74,false
a483a2,2,2026-10-02 19:20:44.95,41.832596,-109.21565,45000,19.88,false
a483a2,2,2026-10-02 19:21:04.69,41.837219,-109.155662,45000,19.74,false
a483a2,2,2026-10-02 19:21:24.29,41.841843,-109.095549,44975,19.6,false
a483a2,2,2026-10-02 19:21:43.63,41.846375,-109.035998,44975,19.34,false
a483a2,2,2026-10-02 19:22:03.6,41.850974,-108.974986,45000,19.97,false
a483a2,2,2026-10-02 19:22:22.98,41.855536,-108.914816,45000,19.38,false
a483a2,2,2026-10-02 19:22:42.86,41.860005,-108.854583,45000,19.88,false
a483a2,2,2026-10-02 19:23:02.7,41.864567,-108.793072,45000,19.84,false
a483a2,2,2026-10-02 19:23:22.39,41.869034,-108.732501,44975,19.69,false
a483a2,2,2026-10-02 19:23:42.1,41.873459,-108.672031,45000,19.71,false
a483a2,2,2026-10-02 19:24:01.7,41.877835,-108.611862,44975,19.6,false
a483a2,2,2026-10-02 19:24:21.32,41.882164,-108.551756,45000,19.62,false
a483a2,2,2026-10-02 19:24:41.02,41.886447,-108.491715,44975,19.7,false
a483a2,2,2026-10-02 19:25:00.97,41.890776,-108.430524,45000,19.95,false
a483a2,2,2026-10-02 19:25:20.75,41.895081,-108.36964,44975,19.78,false
a483a2,2,2026-10-02 19:25:40.68,41.899295,-108.309355,44975,19.93,false
a483a2,2,2026-10-02 19:26:00.58,41.903549,-108.247979,45000,19.9,false
a483a2,2,2026-10-02 19:26:20.39,41.907715,-108.187429,44975,19.81,false
a483a2,2,2026-10-02 19:26:39.88,41.911789,-108.127504,45000,19.49,false
a483a2,2,2026-10-02 19:26:59.38,41.915817,-108.068203,44975,19.5,false
a483a2,2,2026-10-02 19:27:18.87,41.919825,-108.008572,45000,19.49,false
a483a2,2,2026-10-02 19:27:38.72,41.923874,-107.947665,44975,19.85,false
a483a2,2,2026-10-02 19:27:58.34,41.927832,-107.888169,45000,19.62,false
a483a2,2,2026-10-02 19:28:17.7,41.931747,-107.828438,44975,19.36,false
a483a2,2,2026-10-02 19:28:37.36,41.935652,-107.768086,44975,19.66,false
a483a2,2,2026-10-02 19:28:57.13,41.939575,-107.707714,45000,19.77,false
a483a2,2,2026-10-02 19:29:17.09,41.943466,-107.646977,44975,19.96,false
a483a2,2,2026-10-02 19:29:36.69,41.94729,-107.586492,44975,19.6,false
a483a2,2,2026-10-02 19:29:56.57,41.951111,-107.526127,44975,19.88,false
a483a2,2,2026-10-02 19:30:16.02,41.954878,-107.465835,45000,19.45,false
a483a2,2,2026-10-02 19:30:35.81,41.958618,-107.40534,44975,19.79,false
a483a2,2,2026-10-02 19:30:55.27,41.962326,-107.345165,45000,19.46,false
a483a2,2,2026-10-02 19:31:15.24,41.966004,-107.284241,45000,19.97,false
a483a2,2,2026-10-02 19:31:34.97,41.96965,-107.223941,44975,19.73,false
a483a2,2,2026-10-02 19:31:54.9,41.973312,-107.162892,45000,19.93,false
a483a2,2,2026-10-02 19:32:14.77,41.976898,-107.102647,44975,19.87,false
a483a2,2,2026-10-02 19:32:34.47,41.980436,-107.042031,44975,19.7,false
a483a2,2,2026-10-02 19:32:54.15,41.983932,-106.981742,45000,19.68,false
a483a2,2,2026-10-02 19:33:14.12,41.987457,-106.920443,44975,19.97,false
a483a2,2,2026-10-02 19:33:33.82,41.990891,-106.860456,45025,19.7,false
a483a2,2,2026-10-02 19:33:53.44,41.994308,-106.800012,44950,19.62,false
a483a2,2,2026-10-02 19:34:13.08,41.997707,-106.740034,45025,19.64,false
a483a2,2,2026-10-02 19:34:33.03,42.001105,-106.678587,44950,19.95,false
a483a2,2,2026-10-02 19:34:52.81,42.00444,-106.618195,45025,19.78,false
a483a2,2,2026-10-02 19:35:12.72,42.007782,-106.556584,44950,19.91,false
a483a2,2,2026-10-02 19:35:32.53,42.011032,-106.495722,45025,19.81,false
a483a2,2,2026-10-02 19:35:52.36,42.014282,-106.434798,45000,19.83,false
a483a2,2,2026-10-02 19:36:12.32,42.017532,-106.373374,45000,19.96,false
a483a2,2,2026-10-02 19:36:32.05,42.020703,-106.312717,45000,19.73,false
a483a2,2,2026-10-02 19:36:52.01,42.023915,-106.251143,45000,19.96,false
a483a2,2,2026-10-02 19:37:11.71,42.027054,-106.190352,44950,19.7,false
a483a2,2,2026-10-02 19:37:31.27,42.030075,-106.130114,45000,19.56,false
a483a2,2,2026-10-02 19:37:51.19,42.033142,-106.069315,45025,19.92,false
a483a2,2,2026-10-02 19:38:11.01,42.036163,-106.008391,44975,19.82,false
a483a2,2,2026-10-02 19:38:30.96,42.039185,-105.946718,45000,19.95,false
a483a2,2,2026-10-02 19:38:50.7,42.04216,-105.885669,45000,19.74,false
a483a2,2,2026-10-02 19:39:10.42,42.045044,-105.825181,45025,19.72,false
a483a2,2,2026-10-02 19:39:29.89,42.047928,-105.764569,44950,19.47,false
a483a2,2,2026-10-02 19:39:49.77,42.050812,-105.703458,45025,19.88,false
a483a2,2,2026-10-02 19:40:09.43,42.053604,-105.643033,44975,19.66,false
a483a2,2,2026-10-02 19:40:29.26,42.056455,-105.581679,45000,19.83,false
a483a2,2,2026-10-02 19:40:48.93,42.059189,-105.520873,44975,19.67,false
a483a2,2,2026-10-02 19:41:08.91,42.061981,-105.459262,45000,19.98,false
a483a2,2,2026-10-02 19:41:28.69,42.064636,-105.399024,45000,19.78,false
a483a2,2,2026-10-02 19:41:48.55,42.067337,-105.337476,44975,19.86,false
a483a2,2,2026-10-02 19:42:08.55,42.069992,-105.276052,45000,20.0,false
a483a2,2,2026-10-02 19:42:28.17,42.072556,-105.216002,45000,19.62,false
a483a2,2,2026-10-02 19:42:45.31,42.07489,-105.163193,45000,17.14,false
a483a2,2,2026-10-02 19:42:54.28,42.076996,-105.135665,45000,8.97,false
a483a2,2,2026-10-02 19:43:13.93,42.082672,-105.075864,44950,19.65,false
a483a2,2,2026-10-02 19:43:33.59,42.088204,-105.016011,45000,19.66,false
a483a2,2,2026-10-02 19:43:53.3,42.093475,-104.956013,44975,19.71,false
a483a2,2,2026-10-02 19:44:13.15,42.098648,-104.895713,44975,19.85,false
a483a2,2,2026-10-02 19:44:32.95,42.103821,-104.835413,45000,19.8,false
a483a2,2,2026-10-02 19:44:52.7,42.108948,-104.774988,45000,19.75,false
a483a2,2,2026-10-02 19:45:12.7,42.114166,-104.714002,45000,20.0,false
a483a2,2,2026-10-02 19:45:32.17,42.119208,-104.654548,45000,19.47,false
a483a2,2,2026-10-02 19:45:51.92,42.124329,-104.594463,44950,19.75,false
a483a2,2,2026-10-02 19:46:11.46,42.12931,-104.535231,45025,19.54,false
a483a2,2,2026-10-02 19:46:31.19,42.134337,-104.474998,44950,19.73,false
a483a2,2,2026-10-02 19:46:50.9,42.139318,-104.415404,45000,19.71,false
a483a2,2,2026-10-02 19:47:10.85,42.144346,-104.354596,45000,19.95,false
a483a2,2,2026-10-02 19:47:30.83,42.149327,-104.293468,44975,19.98,false
a483a2,2,2026-10-02 19:47:50.7,42.154312,-104.232601,45000,19.87,false
a483a2,2,2026-10-02 19:48:10.46,42.159243,-104.172236,45000,19.76,false
a483a2,2,2026-10-02 19:48:30.24,42.164131,-104.111427,44975,19.78,false
a483a2,2,2026-10-02 19:48:49.87,42.168972,-104.051322,45025,19.63,false
a483a2,2,2026-10-02 19:49:09.8,42.17386,-103.989748,44975,19.93,false
a483a2,2,2026-10-02 19:49:29.45,42.178609,-103.929387,45000,19.65,false
a483a2,2,2026-10-02 19:49:49.4,42.18345,-103.86762,44975,19.95,false
a483a2,2,2026-10-02 19:50:09.18,42.188187,-103.806818,45000,19.78,false
a483a2,2,2026-10-02 19:50:28.76,42.192902,-103.746269,44975,19.58,false
a483a2,2,2026-10-02 19:50:48.65,42.197648,-103.684813,45000,19.89,false
a483a2,2,2026-10-02 19:51:08.35,42.20224,-103.623983,45000,19.7,false
a483a2,2,2026-10-02 19:51:28.01,42.206866,-103.563261,44975,19.66,false
a483a2,2,2026-10-02 19:51:47.69,42.211441,-103.502509,45000,19.68,false
a483a2,2,2026-10-02 19:52:07.51,42.21599,-103.441772,45000,19.82,false
a483a2,2,2026-10-02 19:52:27.28,42.220505,-103.381036,44975,19.77,false
a483a2,2,2026-10-02 19:52:47.23,42.225068,-103.319134,45000,19.95,false
a483a2,2,2026-10-02 19:53:07.16,42.229568,-103.257751,44975,19.93,false
a483a2,2,2026-10-02 19:53:26.85,42.233959,-103.19688,45000,19.69,false
a483a2,2,2026-10-02 19:53:46.35,42.238266,-103.136715,45000,19.5,false
a483a2,2,2026-10-02 19:54:05.79,42.242569,-103.076914,45000,19.44,false
a483a2,2,2026-10-02 19:54:25.61,42.246918,-103.015865,44975,19.82,false
a483a2,2,2026-10-02 19:54:45.58,42.251221,-102.954254,45025,19.97,false
a483a2,2,2026-10-02 19:55:05.4,42.255513,-102.893095,44950,19.82,false
a483a2,2,2026-10-02 19:55:25.1,42.259703,-102.832989,45000,19.7,false
a483a2,2,2026-10-02 19:55:44.85,42.263846,-102.772437,45000,19.75,false
a483a2,2,2026-10-02 19:56:04.63,42.267989,-102.711884,45000,19.78,false
a483a2,2,2026-10-02 19:56:24.49,42.272085,-102.651204,45000,19.86,false
a483a2,2,2026-10-02 19:56:44.29,42.276182,-102.590524,44975,19.8,false
a483a2,2,2026-10-02 19:57:04.23,42.280197,-102.529658,45000,19.94,false
a483a2,2,2026-10-02 19:57:24.18,42.284236,-102.468844,44975,19.95,false
a483a2,2,2026-10-02 19:57:43.78,42.288208,-102.408683,45000,19.6,false
a483a2,2,2026-10-02 19:58:03.73,42.292191,-102.347634,45000,19.95,false
a483a2,2,2026-10-02 19:58:23.44,42.29606,-102.287442,45000,19.71,false
a483a2,2,2026-10-02 19:58:43.41,42.299927,-102.226597,45000,19.97,false
a483a2,2,2026-10-02 19:59:03.15,42.303772,-102.166172,45000,19.74,false
a483a2,2,2026-10-02 19:59:23.09,42.307605,-102.105401,44975,19.94,false
a483a2,2,2026-10-02 19:59:42.86,42.311376,-102.04504,44975,19.77,false
a483a2,2,2026-10-02 20:00:02.44,42.315033,-101.985647,45000,19.58,false
a483a2,2,2026-10-02 20:00:21.44,42.318604,-101.927844,45000,19.0,false
a483a2,2,2026-10-02 20:00:41.24,42.322266,-101.867669,45000,19.8,false
a483a2,2,2026-10-02 20:01:00.95,42.325882,-101.807619,44975,19.71,false
a483a2,2,2026-10-02 20:01:20.51,42.329438,-101.748473,44975,19.56,false
a483a2,2,2026-10-02 20:01:40.11,42.332932,-101.688829,45000,19.6,false
a483a2,2,2026-10-02 20:01:59.86,42.336456,-101.629465,44975,19.75,false
a483a2,2,2026-10-02 20:02:19.71,42.339959,-101.569306,45000,19.85,false
a483a2,2,2026-10-02 20:02:39.62,42.343414,-101.509053,45000,19.91,false
a483a2,2,2026-10-02 20:02:59.48,42.346802,-101.449065,44975,19.86,false
a483a2,2,2026-10-02 20:03:19.34,42.350281,-101.388515,44975,19.86,false
a483a2,2,2026-10-02 20:03:38.97,42.353622,-101.329276,45000,19.63,false
a483a2,2,2026-10-02 20:03:58.96,42.356964,-101.268789,45000,19.99,false
a483a2,2,2026-10-02 20:04:18.85,42.36026,-101.208864,44975,19.89,false
a483a2,2,2026-10-02 20:04:38.71,42.363556,-101.148252,44975,19.86,false
a483a2,2,2026-10-02 20:04:58.33,42.36676,-101.08895,44975,19.62,false
a483a2,2,2026-10-02 20:05:17.97,42.369919,-101.029649,45000,19.64,false
a483a2,2,2026-10-02 20:05:37.68,42.373057,-100.969976,45000,19.71,false
a483a2,2,2026-10-02 20:05:57.51,42.376236,-100.909736,44975,19.83,false
a483a2,2,2026-10-02 20:06:17.32,42.379342,-100.850085,45000,19.81,false
a483a2,2,2026-10-02 20:06:36.98,42.38237,-100.790447,45000,19.66,false
a483a2,2,2026-10-02 20:06:56.68,42.38544,-100.730768,45000,19.7,false
a483a2,2,2026-10-02 20:07:16.35,42.388412,-100.671095,45000,19.67,false
a483a2,2,2026-10-02 20:07:36,42.391388,-100.611732,45000,19.65,false
a483a2,2,2026-10-02 20:07:55.99,42.394363,-100.551182,44975,19.99,false
a483a2,2,2026-10-02 20:08:15.57,42.397247,-100.491881,45000,19.58,false
a483a2,2,2026-10-02 20:08:35.11,42.400104,-100.43286,45000,19.54,false
a483a2,2,2026-10-02 20:08:55.04,42.40299,-100.372243,44975,19.93,false
a483a2,2,2026-10-02 20:09:14.75,42.405783,-100.312841,45000,19.71,false
a483a2,2,2026-10-02 20:09:34.65,42.4086,-100.252554,44975,19.9,false
a483a2,2,2026-10-02 20:09:54.39,42.411392,-100.192503,45000,19.74,false
a483a2,2,2026-10-02 20:10:14.17,42.414116,-100.13278,44975,19.78,false
a483a2,2,2026-10-02 20:10:34,42.41684,-100.072465,45000,19.83,false
a483a2,2,2026-10-02 20:10:53.72,42.419516,-100.012633,45000,19.72,false
a483a2,2,2026-10-02 20:11:13.04,42.422077,-99.953677,44975,19.32,false
a483a2,2,2026-10-02 20:11:32.54,42.424667,-99.894499,45000,19.5,false
a483a2,2,2026-10-02 20:11:52.39,42.427231,-99.834324,44975,19.85,false
a483a2,2,2026-10-02 20:12:12.24,42.429794,-99.774087,45000,19.85,false
a483a2,2,2026-10-02 20:12:31.84,42.432312,-99.714411,44975,19.6,false
a483a2,2,2026-10-02 20:12:51.23,42.434738,-99.655297,45000,19.39,false
a483a2,2,2026-10-02 20:13:10.9,42.43721,-99.595496,45000,19.67,false
a483a2,2,2026-10-02 20:13:30.46,42.439627,-99.535366,45000,19.56,false
a483a2,2,2026-10-02 20:13:50.11,42.442001,-99.475516,45000,19.65,false
a483a2,2,2026-10-02 20:14:09.78,42.444397,-99.415283,45000,19.67,false
a483a2,2,2026-10-02 20:14:29.52,42.446703,-99.355114,45000,19.74,false
a483a2,2,2026-10-02 20:14:49.15,42.44903,-99.2952,45000,19.63,false
a483a2,2,2026-10-02 20:15:09.14,42.451309,-99.234383,45000,19.99,false
a483a2,2,2026-10-02 20:15:29.13,42.453598,-99.173209,45000,19.99,false
a483a2,2,2026-10-02 20:15:48.97,42.455827,-99.112329,45000,19.84,false
a483a2,2,2026-10-02 20:16:08.69,42.457969,-99.052287,45000,19.72,false
a483a2,2,2026-10-02 20:16:28.68,42.46019,-98.990624,44975,19.99,false
a483a2,2,2026-10-02 20:16:48.64,42.462341,-98.929263,45000,19.96,false
a483a2,2,2026-10-02 20:17:08.62,42.464447,-98.867777,44975,19.98,false
a483a2,2,2026-10-02 20:17:28.48,42.466534,-98.806692,45000,19.86,false
a483a2,2,2026-10-02 20:17:48.38,42.468582,-98.74582,45000,19.9,false
a483a2,2,2026-10-02 20:18:08.21,42.470581,-98.68463,45000,19.83,false
a483a2,2,2026-10-02 20:18:27.31,42.473145,-98.625864,44975,19.1,false
a483a2,2,2026-10-02 20:18:46.87,42.475984,-98.565631,45000,19.56,false
a483a2,2,2026-10-02 20:19:06.83,42.478731,-98.503993,45000,19.96,false
a483a2,2,2026-10-02 20:19:26.49,42.481339,-98.443867,44975,19.66,false
a483a2,2,2026-10-02 20:19:46.19,42.483902,-98.38288,45000,19.7,false
a483a2,2,2026-10-02 20:20:06.14,42.486511,-98.321207,45000,19.95,false
a483a2,2,2026-10-02 20:20:25.91,42.489075,-98.260033,45000,19.77,false
a483a2,2,2026-10-02 20:20:45.57,42.491547,-98.199421,44975,19.66,false
a483a2,2,2026-10-02 20:21:05.24,42.494019,-98.138809,44975,19.67,false
a483a2,2,2026-10-02 20:21:25.11,42.49649,-98.076886,45000,19.87,false
a483a2,2,2026-10-02 20:21:44.78,42.498871,-98.016149,44975,19.67,false
a483a2,2,2026-10-02 20:22:04.69,42.501297,-97.954788,45000,19.91,false
a483a2,2,2026-10-02 20:22:24.29,42.503636,-97.893677,45000,19.6,false
a483a2,2,2026-10-02 20:22:43.92,42.505964,-97.832869,45000,19.63,false
a483a2,2,2026-10-02 20:23:03.62,42.508245,-97.771422,45000,19.7,false
a483a2,2,2026-10-02 20:23:23.46,42.510526,-97.709975,45000,19.84,false
a483a2,2,2026-10-02 20:23:43.13,42.512741,-97.648794,44975,19.67,false
a483a2,2,2026-10-02 20:24:02.87,42.514948,-97.587593,45000,19.74,false
a483a2,2,2026-10-02 20:24:22.77,42.517136,-97.525635,45000,19.9,false
a483a2,2,2026-10-02 20:24:42.6,42.519278,-97.463741,45000,19.83,false
a483a2,2,2026-10-02 20:25:02.5,42.521419,-97.402039,45000,19.9,false
a483a2,2,2026-10-02 20:25:22.04,42.523468,-97.340975,44975,19.54,false
a483a2,2,2026-10-02 20:25:42.03,42.525513,-97.278817,45000,19.99,false
a483a2,2,2026-10-02 20:26:01.87,42.527564,-97.216676,44975,19.84,false
a483a2,2,2026-10-02 20:26:21.78,42.529566,-97.154207,45000,19.91,false
a483a2,2,2026-10-02 20:26:41.55,42.531509,-97.092674,44975,19.77,false
a483a2,2,2026-10-02 20:27:01.07,42.533383,-97.031633,45000,19.52,false
a483a2,2,2026-10-02 20:27:20.74,42.535263,-96.969951,44975,19.67,false
a483a2,2,2026-10-02 20:27:40.44,42.537107,-96.908229,45000,19.7,false
a483a2,2,2026-10-02 20:28:00.43,42.538923,-96.845568,44975,19.99,false
a483a2,2,2026-10-02 20:28:20.4,42.540738,-96.782908,45000,19.97,false
a483a2,2,2026-10-02 20:28:30.86,42.54125,-96.750268,45000,10.46,false
a483a2,2,2026-10-02 20:28:50.71,42.54125,-96.687991,44975,19.85,false
a483a2,2,2026-10-02 20:29:10.59,42.541214,-96.625443,45000,19.88,false
a483a2,2,2026-10-02 20:29:30.45,42.541344,-96.562798,45000,19.86,false
a483a2,2,2026-10-02 20:29:50.1,42.541489,-96.500598,45000,19.65,false
a483a2,2,2026-10-02 20:30:09.81,42.541576,-96.438372,44975,19.71,false
a483a2,2,2026-10-02 20:30:29.35,42.541672,-96.37669,44975,19.54,false
a483a2,2,2026-10-02 20:30:48.9,42.541672,-96.314704,45000,19.55,false
a483a2,2,2026-10-02 20:31:08.64,42.541623,-96.25237,45000,19.74,false
a483a2,2,2026-10-02 20:31:28.12,42.541534,-96.190609,45000,19.48,false
a483a2,2,2026-10-02 20:31:47.71,42.541397,-96.128561,44975,19.59,false
a483a2,2,2026-10-02 20:32:07.7,42.54126,-96.06514,44975,19.99,false
a483a2,2,2026-10-02 20:32:27.35,42.541077,-96.002967,45000,19.65,false
a483a2,2,2026-10-02 20:32:46.96,42.540831,-95.94041,45000,19.61,false
a483a2,2,2026-10-02 20:33:06.9,42.540573,-95.877124,44975,19.94,false
a483a2,2,2026-10-02 20:33:26.43,42.540273,-95.815089,45000,19.53,false
a483a2,2,2026-10-02 20:33:46.33,42.539978,-95.75178,45000,19.9,false
a483a2,2,2026-10-02 20:34:05.85,42.539621,-95.689768,44975,19.52,false
a483a2,2,2026-10-02 20:34:25.68,42.539202,-95.626788,45000,19.83,false
a483a2,2,2026-10-02 20:34:45.17,42.538788,-95.5647,45000,19.49,false
a483a2,2,2026-10-02 20:35:04.81,42.538318,-95.501915,44975,19.64,false
a483a2,2,2026-10-02 20:35:24.58,42.537806,-95.438807,44975,19.77,false
a483a2,2,2026-10-02 20:35:44.49,42.537294,-95.3757,45000,19.91,false
a483a2,2,2026-10-02 20:36:04.47,42.536688,-95.31189,44975,19.98,false
a483a2,2,2026-10-02 20:36:24.26,42.536083,-95.248782,45000,19.79,false
a483a2,2,2026-10-02 20:36:44.06,42.535431,-95.185611,45000,19.8,false
a483a2,2,2026-10-02 20:37:03.99,42.534733,-95.121801,44975,19.93,false
a483a2,2,2026-10-02 20:37:23.53,42.534073,-95.059579,45000,19.54,false
a483a2,2,2026-10-02 20:37:43.13,42.53334,-94.996907,44975,19.6,false
a483a2,2,2026-10-02 20:38:02.69,42.532562,-94.934297,45000,19.56,false
a483a2,2,2026-10-02 20:38:22.2,42.531754,-94.871926,44975,19.51,false
a483a2,2,2026-10-02 20:38:42.14,42.530869,-94.808204,45000,19.94,false
a483a2,2,2026-10-02 20:39:01.87,42.529985,-94.745136,45000,19.73,false
a483a2,2,2026-10-02 20:39:21.51,42.529083,-94.681986,45000,19.64,false
a483a2,2,2026-10-02 20:39:41.26,42.528169,-94.618793,45000,19.75,false
a483a2,2,2026-10-02 20:40:01.18,42.527145,-94.554599,44975,19.92,false
a483a2,2,2026-10-02 20:40:21.16,42.526108,-94.490662,45000,19.98,false
a483a2,2,2026-10-02 20:40:40.82,42.52505,-94.42749,45000,19.66,false
a483a2,2,2026-10-02 20:41:00.56,42.523911,-94.364256,45000,19.74,false
a483a2,2,2026-10-02 20:41:20.4,42.522812,-94.300711,45000,19.84,false
a483a2,2,2026-10-02 20:41:39.94,42.521576,-94.237789,44975,19.54,false
a483a2,2,2026-10-02 20:41:59.44,42.520442,-94.175316,45000,19.5,false
a483a2,2,2026-10-02 20:42:19.27,42.519196,-94.111508,44975,19.83,false
a483a2,2,2026-10-02 20:42:39.13,42.517914,-94.047963,45000,19.86,false
a483a2,2,2026-10-02 20:42:58.88,42.516678,-93.984417,44975,19.75,false
a483a2,2,2026-10-02 20:43:18.84,42.515274,-93.92065,45000,19.96,false
a483a2,2,2026-10-02 20:43:38.64,42.513878,-93.857159,45000,19.8,false
a483a2,2,2026-10-02 20:43:58.12,42.512528,-93.794946,45000,19.48,false
a483a2,2,2026-10-02 20:44:18.05,42.511085,-93.730817,45000,19.93,false
a483a2,2,2026-10-02 20:44:37.62,42.509628,-93.668248,44975,19.57,false
a483a2,2,2026-10-02 20:44:57.45,42.508105,-93.604346,45000,19.83,false
a483a2,2,2026-10-02 20:45:17.16,42.506569,-93.540664,44975,19.71,false
a483a2,2,2026-10-02 20:45:36.66,42.504986,-93.478386,45000,19.5,false
a483a2,2,2026-10-02 20:45:56.48,42.503357,-93.414768,45000,19.82,false
a483a2,2,2026-10-02 20:46:16.42,42.501681,-93.350447,44975,19.94,false
a483a2,2,2026-10-02 20:46:36.1,42.500015,-93.286972,45000,19.68,false
a483a2,2,2026-10-02 20:46:55.95,42.498276,-93.223301,45000,19.85,false
a483a2,2,2026-10-02 20:47:15.76,42.49649,-93.159631,45000,19.81,false
a483a2,2,2026-10-02 20:47:35.4,42.494698,-93.096356,44975,19.64,false
a483a2,2,2026-10-02 20:47:55.23,42.492836,-93.032738,45000,19.83,false
a483a2,2,2026-10-02 20:48:14.76,42.490974,-92.969822,45000,19.53,false
a483a2,2,2026-10-02 20:48:34.66,42.489065,-92.906139,44975,19.9,false
a483a2,2,2026-10-02 20:48:54.51,42.487106,-92.842151,45000,19.85,false
a483a2,2,2026-10-02 20:49:14.1,42.485184,-92.779104,45000,19.59,false
a483a2,2,2026-10-02 20:49:34.07,42.483153,-92.715092,44975,19.97,false
a483a2,2,2026-10-02 20:49:53.92,42.481064,-92.651076,45000,19.85,false
a483a2,2,2026-10-02 20:50:13.53,42.479004,-92.587967,44975,19.61,false
a483a2,2,2026-10-02 20:50:33.36,42.476898,-92.524171,45000,19.83,false
a483a2,2,2026-10-02 20:50:53.29,42.474701,-92.459689,44975,19.93,false
a483a2,2,2026-10-02 20:51:12.93,42.472549,-92.39658,45000,19.64,false
a483a2,2,2026-10-02 20:51:32.7,42.470306,-92.332784,45000,19.77,false
a483a2,2,2026-10-02 20:51:52.66,42.467977,-92.268549,45000,19.96,false
a483a2,2,2026-10-02 20:52:12.35,42.465683,-92.204944,45000,19.69,false
a483a2,2,2026-10-02 20:52:32.19,42.463322,-92.140737,45000,19.84,false
a483a2,2,2026-10-02 20:52:51.93,42.460968,-92.07704,45000,19.74,false
a483a2,2,2026-10-02 20:53:11.52,42.458588,-92.013682,44975,19.59,false
a483a2,2,2026-10-02 20:53:31.28,42.456116,-91.949636,45000,19.76,false
a483a2,2,2026-10-02 20:53:50.81,42.453686,-91.886582,45000,19.53,false
a483a2,2,2026-10-02 20:54:10.6,42.451126,-91.822794,44975,19.79,false
a483a2,2,2026-10-02 20:54:30.24,42.448612,-91.75909,45000,19.64,false
a483a2,2,2026-10-02 20:54:49.86,42.446051,-91.695727,45000,19.62,false
a483a2,2,2026-10-02 20:55:09.38,42.443398,-91.6323,45000,19.52,false
a483a2,2,2026-10-02 20:55:29.3,42.440744,-91.568171,44975,19.92,false
a483a2,2,2026-10-02 20:55:48.86,42.438091,-91.50468,44975,19.56,false
a483a2,2,2026-10-02 20:56:08.78,42.435298,-91.439912,45000,19.92,false
a483a2,2,2026-10-02 20:56:28.25,42.432598,-91.377123,45000,19.47,false
a483a2,2,2026-10-02 20:56:47.95,42.429794,-91.313303,44975,19.7,false
a483a2,2,2026-10-02 20:57:07.61,42.426918,-91.249567,45000,19.66,false
a483a2,2,2026-10-02 20:57:27.43,42.424078,-91.185374,44975,19.82,false
a483a2,2,2026-10-02 20:57:47.09,42.421143,-91.121479,45000,19.66,false
a483a2,2,2026-10-02 20:58:06.85,42.418166,-91.057562,44975,19.76,false
a483a2,2,2026-10-02 20:58:26.41,42.415234,-90.993943,45000,19.56,false
a483a2,2,2026-10-02 20:58:46.21,42.412161,-90.92975,45000,19.8,false
a483a2,2,2026-10-02 20:59:06.17,42.409089,-90.86479,45000,19.96,false
a483a2,2,2026-10-02 20:59:25.89,42.40597,-90.801172,45000,19.72,false
a483a2,2,2026-10-02 20:59:45.41,42.402851,-90.737617,45000,19.52,false
a483a2,2,2026-10-02 21:00:05.32,42.399628,-90.672913,44975,19.91,false
a483a2,2,2026-10-02 21:00:24.99,42.396194,-90.609039,45000,19.67,false
a483a2,2,2026-10-02 21:00:44.86,42.392749,-90.544909,45000,19.87,false
a483a2,2,2026-10-02 21:01:04.47,42.389351,-90.481418,44975,19.61,false
a483a2,2,2026-10-02 21:01:24.09,42.385849,-90.417668,45000,19.62,false
a483a2,2,2026-10-02 21:01:43.65,42.382368,-90.354628,45000,19.56,false
a483a2,2,2026-10-02 21:02:03.54,42.378799,-90.290264,44975,19.89,false
a483a2,2,2026-10-02 21:02:23.49,42.375199,-90.225986,45000,19.95,false
a483a2,2,2026-10-02 21:02:43.27,42.371568,-90.162048,44975,19.78,false
a483a2,2,2026-10-02 21:03:02.81,42.367996,-90.099251,45000,19.54,false
a483a2,2,2026-10-02 21:03:22.5,42.364334,-90.035768,45000,19.69,false
a483a2,2,2026-10-02 21:03:42.38,42.360626,-89.972659,44975,19.88,false
a483a2,2,2026-10-02 21:04:02.14,42.356918,-89.909737,44975,19.76,false
a483a2,2,2026-10-02 21:04:21.87,42.353179,-89.847341,45000,19.73,false
a483a2,2,2026-10-02 21:04:41.45,42.349455,-89.785447,45000,19.58,false
a483a2,2,2026-10-02 21:05:01.13,42.345703,-89.723344,45000,19.68,false
a483a2,2,2026-10-02 21:05:20.79,42.341914,-89.661276,44975,19.66,false
a483a2,2,2026-10-02 21:05:40.77,42.338058,-89.598749,45000,19.98,false
a483a2,2,2026-10-02 21:06:00.56,42.334167,-89.536577,45000,19.79,false
a483a2,2,2026-10-02 21:06:20.16,42.330322,-89.475028,44975,19.6,false
a483a2,2,2026-10-02 21:06:39.8,42.326365,-89.41319,45000,19.64,false
a483a2,2,2026-10-02 21:06:59.66,42.322455,-89.351168,45000,19.86,false
a483a2,2,2026-10-02 21:07:19.18,42.318405,-89.289849,45000,19.52,false
a483a2,2,2026-10-02 21:07:38.62,42.313936,-89.229232,44975,19.44,false
a483a2,2,2026-10-02 21:07:58.42,42.309327,-89.167402,45000,19.8,false
a483a2,2,2026-10-02 21:08:17.88,42.304858,-89.106786,44975,19.46,false
a483a2,2,2026-10-02 21:08:37.33,42.300339,-89.045875,44975,19.45,false
a483a2,2,2026-10-02 21:08:56.94,42.295761,-88.984576,45000,19.61,false
a483a2,2,2026-10-02 21:09:16.86,42.291079,-88.922318,45000,19.92,false
a483a2,2,2026-10-02 21:09:36.74,42.286377,-88.859981,45000,19.88,false
a483a2,2,2026-10-02 21:09:56.4,42.281629,-88.798211,45000,19.66,false
a483a2,2,2026-10-02 21:10:16.2,42.27688,-88.736061,44975,19.8,false
a483a2,2,2026-10-02 21:10:36.12,42.272003,-88.673526,44975,19.92,false
a483a2,2,2026-10-02 21:10:55.82,42.267151,-88.611571,45000,19.7,false
a483a2,2,2026-10-02 21:11:15.8,42.262216,-88.548527,45000,19.98,false
a483a2,2,2026-10-02 21:11:35.38,42.257282,-88.486633,45000,19.58,false
a483a2,2,2026-10-02 21:11:54.98,42.252347,-88.424676,45000,19.6,false
a483a2,2,2026-10-02 21:12:14.62,42.247366,-88.36259,44975,19.64,false
a483a2,2,2026-10-02 21:12:34.49,42.242294,-88.299429,45000,19.87,false
a483a2,2,2026-10-02 21:12:54.3,42.237167,-88.236507,45000,19.81,false
a483a2,2,2026-10-02 21:13:13.84,42.232097,-88.174545,45000,19.54,false
a483a2,2,2026-10-02 21:13:33.43,42.22693,-88.112204,45000,19.59,false
a483a2,2,2026-10-02 21:13:53.25,42.221716,-88.04916,45000,19.82,false
a483a2,2,2026-10-02 21:14:12.74,42.216476,-87.98713,45000,19.49,false
a483a2,2,2026-10-02 21:14:32.22,42.211288,-87.925053,44975,19.48,false
a483a2,2,2026-10-02 21:14:51.93,42.205948,-87.862348,45000,19.71,false
a483a2,2,2026-10-02 21:15:11.79,42.200535,-87.79903,44975,19.86,false
a483a2,2,2026-10-02 21:15:31.55,42.195145,-87.736255,45000,19.76,false
a483a2,2,2026-10-02 21:15:51.49,42.189606,-87.672397,44975,19.94,false
a483a2,2,2026-10-02 21:16:11.03,42.184195,-87.61009,45000,19.54,false
a483a2,2,2026-10-02 21:16:30.78,42.178655,-87.546664,45000,19.75,false
a483a2,2,2026-10-02 21:16:50.75,42.173035,-87.48282,45000,19.97,false
a483a2,2,2026-10-02 21:17:10.39,42.167389,-87.41949,44975,19.64,false
a483a2,2,2026-10-02 21:17:30,42.161757,-87.356383,45000,19.61,false
a483a2,2,2026-10-02 21:17:49.83,42.156031,-87.292637,45000,19.83,false
a483a2,2,2026-10-02 21:18:09.34,42.150375,-87.22976,44975,19.51,false
a483a2,2,2026-10-02 21:18:28.84,42.144672,-87.166933,45000,19.5,false
a483a2,2,2026-10-02 21:18:48.68,42.138794,-87.102855,45000,19.84,false
a483a2,2,2026-10-02 21:19:08.48,42.132889,-87.03906,45000,19.8,false
a483a2,2,2026-10-02 21:19:28.36,42.126984,-86.975264,44975,19.88,false
a483a2,2,2026-10-02 21:19:48.05,42.12107,-86.911756,45000,19.69,false
a483a2,2,2026-10-02 21:20:07.81,42.115065,-86.847882,45000,19.76,false
a483a2,2,2026-10-02 21:20:27.28,42.109131,-86.784938,44975,19.47,false
a483a2,2,2026-10-02 21:20:47.22,42.103054,-86.720645,44975,19.94,false
a483a2,2,2026-10-02 21:21:07.2,42.096863,-86.656068,45000,19.98,false
a483a2,2,2026-10-02 21:21:27.19,42.090625,-86.591492,45000,19.99,false
a483a2,2,2026-10-02 21:21:46.85,42.084526,-86.528129,45000,19.66,false
a483a2,2,2026-10-02 21:22:06.49,42.078323,-86.464462,45000,19.64,false
a483a2,2,2026-10-02 21:22:26.42,42.072052,-86.400479,45000,19.93,false
a483a2,2,2026-10-02 21:22:46.08,42.065766,-86.336762,44975,19.66,false
a483a2,2,2026-10-02 21:23:05.84,42.059435,-86.272697,45000,19.76,false
a483a2,2,2026-10-02 21:23:25.5,42.053055,-86.208905,45000,19.66,false
a483a2,2,2026-10-02 21:23:45.17,42.046679,-86.145076,45000,19.67,false
a483a2,2,2026-10-02 21:24:04.91,42.040283,-86.081252,44975,19.74,false
a483a2,2,2026-10-02 21:24:24.9,42.033737,-86.016457,44975,19.99,false
a483a2,2,2026-10-02 21:24:44.84,42.027128,-85.952113,45000,19.94,false
a483a2,2,2026-10-02 21:25:04.73,42.020554,-85.887618,44975,19.89,false
a483a2,2,2026-10-02 21:25:24.35,42.014008,-85.824321,45000,19.62,false
a483a2,2,2026-10-02 21:25:44.14,42.00737,-85.760401,44975,19.79,false
a483a2,2,2026-10-02 21:26:03.81,42.000732,-85.696872,45000,19.67,false
a483a2,2,2026-10-02 21:26:23.54,41.994095,-85.633496,44975,19.73,false
a483a2,2,2026-10-02 21:26:43.3,41.987411,-85.569763,45000,19.76,false
a483a2,2,2026-10-02 21:27:03.24,41.980622,-85.505825,44975,19.94,false
a483a2,2,2026-10-02 21:27:23.18,41.973779,-85.441504,45000,19.94,false
a483a2,2,2026-10-02 21:27:42.93,41.966995,-85.378064,44975,19.75,false
a483a2,2,2026-10-02 21:28:02.57,41.960139,-85.31465,45025,19.64,false
a483a2,2,2026-10-02 21:28:22.54,41.953217,-85.250598,44950,19.97,false
a483a2,2,2026-10-02 21:28:42.21,41.946592,-85.187094,45000,19.67,false
a483a2,2,2026-10-02 21:29:02.1,41.940262,-85.122819,44975,19.89,false
a483a2,2,2026-10-02 21:29:21.63,41.933977,-85.059793,45000,19.53,false
a483a2,2,2026-10-02 21:29:41.52,41.92749,-84.995415,45025,19.89,false
a483a2,2,2026-10-02 21:30:01.44,41.920895,-84.930959,45000,19.92,false
a483a2,2,2026-10-02 21:30:21.43,41.914238,-84.866191,45000,19.99,false
a483a2,2,2026-10-02 21:30:40.97,41.907721,-84.802636,45000,19.54,false
a483a2,2,2026-10-02 21:31:00.57,41.901169,-84.739484,44950,19.6,false
a483a2,2,2026-10-02 21:31:20.29,41.894485,-84.675376,45000,19.72,false
a483a2,2,2026-10-02 21:31:40.06,41.887797,-84.611653,44975,19.77,false
a483a2,2,2026-10-02 21:31:59.59,41.88114,-84.548226,44975,19.53,false
a483a2,2,2026-10-02 21:32:19.57,41.874297,-84.483522,45000,19.98,false
a483a2,2,2026-10-02 21:32:39.52,41.867432,-84.419133,44975,19.95,false
a483a2,2,2026-10-02 21:32:59.42,41.860517,-84.354688,44975,19.9,false
a483a2,2,2026-10-02 21:33:19.11,41.853653,-84.290917,45000,19.69,false
a483a2,2,2026-10-02 21:33:38.68,41.846831,-84.22777,44975,19.57,false
a483a2,2,2026-10-02 21:33:58.6,41.839755,-84.163002,44975,19.92,false
a483a2,2,2026-10-02 21:34:18.5,41.832733,-84.098532,45000,19.9,false
a483a2,2,2026-10-02 21:34:36.56,41.826141,-84.040229,45000,18.06,false
a483a2,2,2026-10-02 21:34:47.73,41.82106,-84.004211,44975,11.17,false
a483a2,2,2026-10-02 21:35:07.67,41.811311,-83.940465,45000,19.94,false
a483a2,2,2026-10-02 21:35:27.29,41.801788,-83.877307,44975,19.62,false
a483a2,2,2026-10-02 21:35:46.97,41.79245,-83.814448,45000,19.68,false
a483a2,2,2026-10-02 21:36:06.61,41.783008,-83.75127,45000,19.64,false
a483a2,2,2026-10-02 21:36:26.24,41.773604,-83.688354,44975,19.63,false
a483a2,2,2026-10-02 21:36:45.71,41.764206,-83.625932,45000,19.47,false
a483a2,2,2026-10-02 21:37:05.39,41.754611,-83.562842,44975,19.68,false
a483a2,2,2026-10-02 21:37:25.17,41.745026,-83.499777,45000,19.78,false
a483a2,2,2026-10-02 21:37:45.13,41.735229,-83.435794,45000,19.96,false
a483a2,2,2026-10-02 21:38:05.06,41.725469,-83.372242,45000,19.93,false
a483a2,2,2026-10-02 21:38:24.85,41.715693,-83.309135,45000,19.79,false
a483a2,2,2026-10-02 21:38:44.32,41.70607,-83.247091,45000,19.47,false
a483a2,2,2026-10-02 21:39:04.29,41.696182,-83.18342,45000,19.97,false
a483a2,2,2026-10-02 21:39:24.22,41.686272,-83.120259,44975,19.93,false
a483a2,2,2026-10-02 21:39:43.88,41.676543,-83.058046,45000,19.66,false
a483a2,2,2026-10-02 21:40:03.55,41.666702,-82.995529,44975,19.67,false
a483a2,2,2026-10-02 21:40:23.05,41.656898,-82.933683,45000,19.5,false
a483a2,2,2026-10-02 21:40:42.84,41.646935,-82.870895,45000,19.79,false
a483a2,2,2026-10-02 21:41:02.55,41.636993,-82.808449,44975,19.71,false
a483a2,2,2026-10-02 21:41:22.46,41.626918,-82.745383,44975,19.91,false
a483a2,2,2026-10-02 21:41:42,41.616956,-82.683361,45000,19.54,false
a483a2,2,2026-10-02 21:42:01.99,41.606761,-82.620126,44975,19.99,false
a483a2,2,2026-10-02 21:42:21.71,41.59671,-82.557886,45000,19.72,false
a483a2,2,2026-10-02 21:42:41.58,41.586548,-82.495402,45000,19.87,false
a483a2,2,2026-10-02 21:43:01.23,41.576455,-82.433358,45000,19.65,false
a483a2,2,2026-10-02 21:43:20.8,41.5664,-82.371847,45000,19.57,false
a483a2,2,2026-10-02 21:43:40.48,41.556345,-82.310592,45000,19.68,false
a483a2,2,2026-10-02 21:44:00.46,41.546103,-82.248315,44975,19.98,false
a483a2,2,2026-10-02 21:44:19.99,41.536095,-82.187699,45000,19.53,false
a483a2,2,2026-10-02 21:44:39.95,41.525894,-82.126298,44975,19.96,false
a483a2,2,2026-10-02 21:44:59.91,41.515751,-82.065252,44975,19.96,false
a483a2,2,2026-10-02 21:45:19.49,41.505661,-82.004949,44975,19.58,false
a483a2,2,2026-10-02 21:45:39.47,41.495548,-81.944403,45000,19.98,false
a483a2,2,2026-10-02 21:45:59.36,41.485428,-81.884037,45000,19.89,false
a483a2,2,2026-10-02 21:46:19.18,41.475251,-81.824,44975,19.82,false
a483a2,2,2026-10-02 21:46:39.16,41.465149,-81.764187,44975,19.98,false
a483a2,2,2026-10-02 21:46:58.79,41.455215,-81.70551,44975,19.63,false
a483a2,2,2026-10-02 21:47:18.77,41.445053,-81.645896,45000,19.98,false
a483a2,2,2026-10-02 21:47:38.72,41.434891,-81.58647,44975,19.95,false
a483a2,2,2026-10-02 21:47:58.3,41.424957,-81.52848,44975,19.58,false
a483a2,2,2026-10-02 21:48:18,41.414919,-81.47033,44975,19.7,false
a483a2,2,2026-10-02 21:48:37.9,41.404861,-81.411813,44975,19.9,false
a483a2,2,2026-10-02 21:48:57.51,41.394882,-81.354384,44975,19.61,false
a483a2,2,2026-10-02 21:49:17.14,41.384949,-81.297119,44975,19.63,false
a483a2,2,2026-10-02 21:49:36.68,41.375024,-81.240338,45000,19.54,false
a483a2,2,2026-10-02 21:49:56.25,41.365062,-81.183347,45000,19.57,false
a483a2,2,2026-10-02 21:50:16.15,41.354919,-81.125427,45000,19.9,false
a483a2,2,2026-10-02 21:50:35.74,41.344757,-81.067871,45000,19.59,false
a483a2,2,2026-10-02 21:50:55.6,41.334337,-81.008689,45000,19.86,false
a483a2,2,2026-10-02 21:51:15.17,41.323975,-80.950073,45000,19.57,false
a483a2,2,2026-10-02 21:51:34.97,41.313249,-80.88965,45025,19.8,false
a483a2,2,2026-10-02 21:51:54.72,41.302505,-80.829285,45000,19.75,false
a483a2,2,2026-10-02 21:52:14.24,41.291742,-80.76905,45000,19.52,false
a483a2,2,2026-10-02 21:52:34.24,41.280616,-80.707065,45000,20.0,false
a483a2,2,2026-10-02 21:52:53.91,41.26973,-80.646484,44975,19.67,false
a483a2,2,2026-10-02 21:53:11.85,41.259854,-80.591833,44725,17.94,false
a483a2,2,2026-10-02 21:53:27.22,41.251334,-80.545079,44450,15.37,false
a483a2,2,2026-10-02 21:53:42.27,41.243048,-80.49951,44175,15.05,false
a483a2,2,2026-10-02 21:53:58.29,41.234203,-80.451071,43925,16.02,false
a483a2,2,2026-10-02 21:54:13.37,41.225967,-80.405518,43650,15.08,false
a483a2,2,2026-10-02 21:54:29.64,41.217025,-80.356438,43375,16.27,false
a483a2,2,2026-10-02 21:54:46.16,41.207932,-80.306885,43100,16.52,false
a483a2,2,2026-10-02 21:55:02.35,41.199051,-80.258423,42850,16.19,false
a483a2,2,2026-10-02 21:55:17.55,41.190674,-80.212952,42575,15.2,false
a483a2,2,2026-10-02 21:55:33.95,41.18161,-80.16394,42300,16.4,false
a483a2,2,2026-10-02 21:55:49.06,41.173173,-80.118921,42025,15.11,false
a483a2,2,2026-10-02 21:55:56.1,41.168701,-80.0979,41900,7.04,false
a483a2,2,2026-10-02 21:56:03.03,41.163584,-80.077848,41775,6.93,false
a483a2,2,2026-10-02 21:56:12.21,41.155856,-80.051505,41650,9.18,false
a483a2,2,2026-10-02 21:56:30.24,41.139982,-80.000069,41425,18.03,false
a483a2,2,2026-10-02 21:56:46.5,41.125305,-79.953064,41150,16.26,false
a483a2,2,2026-10-02 21:57:01.97,41.111206,-79.907959,40875,15.47,false
a483a2,2,2026-10-02 21:57:17.96,41.096237,-79.860352,40600,15.99,false
a483a2,2,2026-10-02 21:57:34.01,41.080953,-79.811679,40325,16.05,false
a483a2,2,2026-10-02 21:57:49.79,41.065796,-79.763672,40050,15.78,false
a483a2,2,2026-10-02 21:58:06.35,41.049774,-79.712769,39800,16.56,false
a483a2,2,2026-10-02 21:58:21.49,41.035263,-79.666809,39525,15.14,false
a483a2,2,2026-10-02 21:58:37.61,41.02011,-79.618919,39250,16.12,false
a483a2,2,2026-10-02 21:58:53.98,41.005005,-79.571411,39000,16.37,false
a483a2,2,2026-10-02 21:59:09.32,40.990997,-79.527283,38725,15.34,false
a483a2,2,2026-10-02 21:59:25.35,40.976532,-79.481995,38450,16.03,false
a483a2,2,2026-10-02 21:59:41.62,40.961919,-79.436209,38200,16.27,false
a483a2,2,2026-10-02 21:59:57.8,40.947255,-79.390515,37950,16.18,false
a483a2,2,2026-10-02 22:00:14.14,40.932358,-79.344055,37700,16.34,false
a483a2,2,2026-10-02 22:00:29.78,40.917881,-79.298942,37425,15.64,false
a483a2,2,2026-10-02 22:00:45.22,40.903636,-79.254622,37150,15.44,false
a483a2,2,2026-10-02 22:01:00.24,40.889763,-79.211488,36875,15.02,false
a483a2,2,2026-10-02 22:01:16.66,40.874587,-79.164359,36625,16.42,false
a483a2,2,2026-10-02 22:01:32.88,40.859597,-79.117917,36350,16.22,false
a483a2,2,2026-10-02 22:01:48.31,40.8452,-79.073486,36075,15.43,false
a483a2,2,2026-10-02 22:02:04.43,40.83027,-79.027405,35825,16.12,false
a483a2,2,2026-10-02 22:02:20.15,40.81572,-78.982605,35550,15.72,false
a483a2,2,2026-10-02 22:02:36.56,40.800476,-78.935913,35300,16.41,false
a483a2,2,2026-10-02 22:02:52.15,40.786057,-78.891785,35025,15.59,false
a483a2,2,2026-10-02 22:03:08.11,40.771362,-78.846619,34750,15.96,false
a483a2,2,2026-10-02 22:03:24.17,40.756531,-78.801374,34500,16.06,false
a483a2,2,2026-10-02 22:03:40.07,40.74196,-78.756929,34225,15.9,false
a483a2,2,2026-10-02 22:03:53.46,40.72953,-78.719039,33925,13.39,false
a483a2,2,2026-10-02 22:04:06.26,40.717613,-78.682709,33600,12.8,false
a483a2,2,2026-10-02 22:04:18.4,40.706268,-78.648254,33250,12.14,false
a483a2,2,2026-10-02 22:04:29.48,40.69574,-78.616272,32875,11.08,false
a483a2,2,2026-10-02 22:04:40.16,40.685715,-78.585876,32500,10.68,false
a483a2,2,2026-10-02 22:04:50.38,40.676056,-78.556458,32125,10.22,false
a483a2,2,2026-10-02 22:05:01.14,40.665756,-78.525269,31750,10.76,false
a483a2,2,2026-10-02 22:05:12.18,40.655233,-78.493382,31375,11.04,false
a483a2,2,2026-10-02 22:05:23.27,40.644745,-78.461609,31000,11.09,false
a483a2,2,2026-10-02 22:05:34.09,40.634537,-78.430847,30625,10.82,false
a483a2,2,2026-10-02 22:05:44.52,40.624878,-78.401611,30250,10.43,false
a483a2,2,2026-10-02 22:05:55.2,40.614965,-78.371783,29875,10.68,false
a483a2,2,2026-10-02 22:06:06.17,40.604919,-78.341675,29500,10.97,false
a483a2,2,2026-10-02 22:06:17.04,40.595041,-78.311858,29125,10.87,false
a483a2,2,2026-10-02 22:06:28.74,40.584503,-78.280334,28750,11.7,false
a483a2,2,2026-10-02 22:06:40.42,40.574046,-78.248998,28400,11.68,false
a483a2,2,2026-10-02 22:06:51.7,40.56395,-78.218811,28025,11.28,false
a483a2,2,2026-10-02 22:07:02.63,40.554215,-78.18976,27650,10.93,false
a483a2,2,2026-10-02 22:07:14,40.544083,-78.159607,27275,11.37,false
a483a2,2,2026-10-02 22:07:25.69,40.5336,-78.128357,26900,11.69,false
a483a2,2,2026-10-02 22:07:37.46,40.523351,-78.097562,26525,11.77,false
a483a2,2,2026-10-02 22:07:48.89,40.513229,-78.067444,26150,11.43,false
a483a2,2,2026-10-02 22:08:00.71,40.502914,-78.0367,25775,11.82,false
a483a2,2,2026-10-02 22:08:12,40.49295,-78.007019,25400,11.29,false
a483a2,2,2026-10-02 22:08:19.37,40.486862,-77.987427,25200,7.37,false
a483a2,2,2026-10-02 22:08:25.58,40.482376,-77.970581,25050,6.21,false
a483a2,2,2026-10-02 22:08:33.13,40.477707,-77.949707,25000,7.55,false
a483a2,2,2026-10-02 22:08:52.69,40.466721,-77.895569,25000,19.56,false
a483a2,2,2026-10-02 22:09:12.59,40.455963,-77.840881,24850,19.9,false
a483a2,2,2026-10-02 22:09:28.74,40.44722,-77.796021,24575,16.15,false
a483a2,2,2026-10-02 22:09:43.81,40.438998,-77.753989,24300,15.07,false
a483a2,2,2026-10-02 22:09:58.29,40.431335,-77.713684,24050,14.48,false
a483a2,2,2026-10-02 22:10:14.49,40.423868,-77.668845,23800,16.2,false
a483a2,2,2026-10-02 22:10:29.23,40.417072,-77.627772,23525,14.74,false
a483a2,2,2026-10-02 22:10:44.73,40.409912,-77.585327,23250,15.5,false
a483a2,2,2026-10-02 22:11:01.08,40.402313,-77.540771,23000,16.35,false
a483a2,2,2026-10-02 22:11:17.4,40.394727,-77.496685,22750,16.32,false
a483a2,2,2026-10-02 22:11:32.04,40.387977,-77.457359,22475,14.64,false
a483a2,2,2026-10-02 22:11:48.36,40.380478,-77.413757,22200,16.32,false
a483a2,2,2026-10-02 22:12:04.49,40.373062,-77.370728,21950,16.13,false
a483a2,2,2026-10-02 22:12:20.57,40.365738,-77.32843,21675,16.08,false
a483a2,2,2026-10-02 22:12:36.77,40.358322,-77.285889,21400,16.2,false
a483a2,2,2026-10-02 22:12:52.92,40.351089,-77.24353,21125,16.15,false
a483a2,2,2026-10-02 22:13:08.89,40.343994,-77.202087,20850,15.97,false
a483a2,2,2026-10-02 22:13:25.26,40.336769,-77.160228,20600,16.37,false
a483a2,2,2026-10-02 22:13:40.52,40.330019,-77.121589,20325,15.26,false
a483a2,2,2026-10-02 22:13:56.34,40.322983,-77.081116,20050,15.82,false
a483a2,2,2026-10-02 22:14:12.8,40.315635,-77.039004,19800,16.46,false
a483a2,2,2026-10-02 22:14:28.92,40.308472,-76.997986,19550,16.12,false
a483a2,2,2026-10-02 22:14:44.96,40.301285,-76.957214,19300,16.04,false
a483a2,2,2026-10-02 22:15:00.53,40.294373,-76.917847,19025,15.57,false
a483a2,2,2026-10-02 22:15:16.49,40.287369,-76.878113,18750,15.96,false
a483a2,2,2026-10-02 22:15:32.46,40.280488,-76.839128,18475,15.97,false
a483a2,2,2026-10-02 22:15:48.88,40.273224,-76.798828,18225,16.42,false
a483a2,2,2026-10-02 22:16:05.28,40.266037,-76.758545,17975,16.4,false
a483a2,2,2026-10-02 22:16:20.31,40.259583,-76.72229,17700,15.03,false
a483a2,2,2026-10-02 22:16:36.02,40.252929,-76.68457,17425,15.71,false
a483a2,2,2026-10-02 22:16:52.37,40.246078,-76.645508,17175,16.35,false
a483a2,2,2026-10-02 22:17:08.63,40.239103,-76.606293,16900,16.26,false
a483a2,2,2026-10-02 22:17:24.06,40.232539,-76.569339,16625,15.43,false
a483a2,2,2026-10-02 22:17:40.29,40.225571,-76.530518,16375,16.23,false
a483a2,2,2026-10-02 22:17:48.19,40.222412,-76.512024,16250,7.9,false
a483a2,2,2026-10-02 22:17:52.98,40.221085,-76.500549,16150,4.79,false
a483a2,2,2026-10-02 22:17:57.95,40.220215,-76.488464,16025,4.97,false
a483a2,2,2026-10-02 22:18:04.43,40.21983,-76.472834,15850,6.48,false
a483a2,2,2026-10-02 22:18:15.21,40.21983,-76.446991,15475,10.78,false
a483a2,2,2026-10-02 22:18:26.16,40.220032,-76.421021,15100,10.95,false
a483a2,2,2026-10-02 22:18:37.3,40.220389,-76.394556,14725,11.14,false
a483a2,2,2026-10-02 22:18:47.58,40.22081,-76.370239,14350,10.28,false
a483a2,2,2026-10-02 22:18:59.12,40.22132,-76.34362,14000,11.54,false
a483a2,2,2026-10-02 22:19:10.69,40.222,-76.317017,13625,11.57,false
a483a2,2,2026-10-02 22:19:22.15,40.222687,-76.291382,13250,11.46,false
a483a2,2,2026-10-02 22:19:33.38,40.223328,-76.266235,12875,11.23,false
a483a2,2,2026-10-02 22:19:44.91,40.224152,-76.240295,12525,11.53,false
a483a2,2,2026-10-02 22:19:55.99,40.224997,-76.215591,12150,11.08,false
a483a2,2,2026-10-02 22:20:01.99,40.225433,-76.202576,11950,6.0,false
a483a2,2,2026-10-02 22:20:07.72,40.225845,-76.189819,11750,5.73,false
a483a2,2,2026-10-02 22:20:13.25,40.226161,-76.177764,11550,5.53,false
a483a2,2,2026-10-02 22:20:18.71,40.22644,-76.165649,11350,5.46,false
a483a2,2,2026-10-02 22:20:24.78,40.226761,-76.152466,11150,6.07,false
a483a2,2,2026-10-02 22:20:30.8,40.227046,-76.138999,10950,6.02,false
a483a2,2,2026-10-02 22:20:37.35,40.227264,-76.124634,10750,6.55,false
a483a2,2,2026-10-02 22:20:43.54,40.227493,-76.110962,10550,6.19,false
a483a2,2,2026-10-02 22:20:49.82,40.227697,-76.097114,10350,6.28,false
a483a2,2,2026-10-02 22:20:56.52,40.227905,-76.082581,10150,6.7,false
a483a2,2,2026-10-02 22:21:02.16,40.228088,-76.070679,10075,5.64,false
a483a2,2,2026-10-02 22:21:06.91,40.228226,-76.060852,10050,4.75,false
a483a2,2,2026-10-02 22:21:11.44,40.228349,-76.051858,10050,4.53,false
a483a2,2,2026-10-02 22:21:18.28,40.228535,-76.038687,10000,6.84,false
a483a2,2,2026-10-02 22:21:28.07,40.228775,-76.019897,9850,9.79,false
a483a2,2,2026-10-02 22:21:35.35,40.228958,-76.005981,9675,7.28,false
a483a2,2,2026-10-02 22:21:41.35,40.22905,-75.994385,9475,6.0,false
a483a2,2,2026-10-02 22:21:47.22,40.22914,-75.982943,9275,5.87,false
a483a2,2,2026-10-02 22:21:53.01,40.22928,-75.97177,9075,5.79,false
a483a2,2,2026-10-02 22:21:58.63,40.229373,-75.960908,8875,5.62,false
a483a2,2,2026-10-02 22:22:04.68,40.229466,-75.949298,8675,6.05,false
a483a2,2,2026-10-02 22:22:10.63,40.229513,-75.937625,8475,5.95,false
a483a2,2,2026-10-02 22:22:16.84,40.229559,-75.925515,8275,6.21,false
a483a2,2,2026-10-02 22:22:24.31,40.229606,-75.910971,8075,7.47,false
a483a2,2,2026-10-02 22:22:36.06,40.229699,-75.888124,8025,11.75,false
a483a2,2,2026-10-02 22:22:55.54,40.229736,-75.850586,8000,19.48,false
a483a2,2,2026-10-02 22:23:15,40.229792,-75.81303,8000,19.46,false
a483a2,2,2026-10-02 22:23:34.98,40.229645,-75.774475,7975,19.98,false
a483a2,2,2026-10-02 22:23:43.52,40.229645,-75.757751,7800,8.54,false
a483a2,2,2026-10-02 22:23:51.03,40.229606,-75.743367,7625,7.51,false
a483a2,2,2026-10-02 22:23:58.89,40.229606,-75.728448,7450,7.86,false
a483a2,2,2026-10-02 22:24:06.34,40.229553,-75.714111,7275,7.45,false
a483a2,2,2026-10-02 22:24:15.12,40.229507,-75.697388,7100,8.78,false
a483a2,2,2026-10-02 22:24:29.57,40.229462,-75.669861,7000,14.45,false
a483a2,2,2026-10-02 22:24:49.31,40.229279,-75.632141,7000,19.74,false
a483a2,2,2026-10-02 22:25:08.96,40.228775,-75.594666,7000,19.65,false
a483a2,2,2026-10-02 22:25:28.48,40.228134,-75.557373,7000,19.52,false
a483a2,2,2026-10-02 22:25:48.15,40.227722,-75.520569,7000,19.67,false
a483a2,2,2026-10-02 22:26:08.14,40.227539,-75.483032,7000,19.99,false
a483a2,2,2026-10-02 22:26:28.01,40.227418,-75.445799,7000,19.87,false
a483a2,2,2026-10-02 22:26:34.57,40.227418,-75.433565,6925,6.56,false
a483a2,2,2026-10-02 22:26:39.71,40.227402,-75.424133,6850,5.14,false
a483a2,2,2026-10-02 22:26:44.21,40.227418,-75.415774,6775,4.5,false
a483a2,2,2026-10-02 22:26:47.76,40.227402,-75.409241,6700,3.55,false
a483a2,2,2026-10-02 22:26:51.68,40.227418,-75.401979,6625,3.92,false
a483a2,2,2026-10-02 22:26:54.76,40.227402,-75.396179,6550,3.08,false
a483a2,2,2026-10-02 22:26:58.61,40.227371,-75.38887,6475,3.85,false
a483a2,2,2026-10-02 22:27:01.56,40.227356,-75.383484,6400,2.95,false
a483a2,2,2026-10-02 22:27:04.72,40.227356,-75.377563,6325,3.16,false
a483a2,2,2026-10-02 22:27:07.5,40.227325,-75.372578,6250,2.78,false
a483a2,2,2026-10-02 22:27:10.6,40.227325,-75.36671,6175,3.1,false
a483a2,2,2026-10-02 22:27:13.49,40.227325,-75.361529,6100,2.89,false
a483a2,2,2026-10-02 22:27:16.08,40.22731,-75.356567,6025,2.59,false
a483a2,2,2026-10-02 22:27:18.95,40.22731,-75.35144,5950,2.87,false
a483a2,2,2026-10-02 22:27:21.88,40.227278,-75.346111,5875,2.93,false
a483a2,2,2026-10-02 22:27:24.71,40.22731,-75.34082,5800,2.83,false
a483a2,2,2026-10-02 22:27:27.29,40.227278,-75.336311,5725,2.58,false
a483a2,2,2026-10-02 22:27:30.25,40.227278,-75.330817,5650,2.96,false
a483a2,2,2026-10-02 22:27:33.04,40.227278,-75.325761,5575,2.79,false
a483a2,2,2026-10-02 22:27:36.2,40.227278,-75.319894,5500,3.16,false
a483a2,2,2026-10-02 22:27:38.83,40.227278,-75.315149,5425,2.63,false
a483a2,2,2026-10-02 22:27:41.94,40.227264,-75.309509,5350,3.11,false
a483a2,2,2026-10-02 22:27:44.91,40.227232,-75.304163,5275,2.97,false
a483a2,2,2026-10-02 22:27:47.81,40.227185,-75.29867,5200,2.9,false
a483a2,2,2026-10-02 22:27:51.03,40.227139,-75.292865,5125,3.22,false
a483a2,2,2026-10-02 22:27:53.94,40.227081,-75.287598,5050,2.91,false
a483a2,2,2026-10-02 22:27:57.15,40.227036,-75.281799,4975,3.21,false
a483a2,2,2026-10-02 22:27:59.8,40.226999,-75.276885,4900,2.65,false
a483a2,2,2026-10-02 22:28:02.86,40.226953,-75.271516,4825,3.06,false
a483a2,2,2026-10-02 22:28:06.55,40.226852,-75.264893,4750,3.69,false
a483a2,2,2026-10-02 22:28:10.63,40.226766,-75.257596,4675,4.08,false
a483a2,2,2026-10-02 22:28:14.77,40.226715,-75.250366,4600,4.14,false
a483a2,2,2026-10-02 22:28:19.09,40.226627,-75.242864,4525,4.32,false
a483a2,2,2026-10-02 22:28:22.68,40.226534,-75.236622,4450,3.59,false
a483a2,2,2026-10-02 22:28:26.17,40.226487,-75.23038,4375,3.49,false
a483a2,2,2026-10-02 22:28:29.62,40.226394,-75.224575,4300,3.45,false
a483a2,2,2026-10-02 22:28:32.89,40.226303,-75.218933,4225,3.27,false
a483a2,2,2026-10-02 22:28:36.01,40.226254,-75.213588,4150,3.12,false
a483a2,2,2026-10-02 22:28:38.9,40.226212,-75.208618,4075,2.89,false
a483a2,2,2026-10-02 22:28:41.8,40.226115,-75.203663,4000,2.9,false
a483a2,2,2026-10-02 22:28:45.22,40.226074,-75.197998,3925,3.42,false
a483a2,2,2026-10-02 22:28:48.3,40.225975,-75.192677,3850,3.08,false
a483a2,2,2026-10-02 22:28:51.3,40.225928,-75.187558,3775,3.0,false
a483a2,2,2026-10-02 22:28:54.7,40.225835,-75.181691,3700,3.4,false
a483a2,2,2026-10-02 22:28:57.15,40.225754,-75.177368,3625,2.45,false
a483a2,2,2026-10-02 22:29:00.63,40.225649,-75.171391,3550,3.48,false
a483a2,2,2026-10-02 22:29:03.61,40.225616,-75.166382,3475,2.98,false
a483a2,2,2026-10-02 22:29:06.09,40.225525,-75.161987,3400,2.48,false
a483a2,2,2026-10-02 22:29:09.37,40.225433,-75.156494,3325,3.28,false
a483a2,2,2026-10-02 22:29:12.04,40.225416,-75.151915,3250,2.67,false
a483a2,2,2026-10-02 22:29:15.58,40.225296,-75.145996,3175,3.54,false
a483a2,2,2026-10-02 22:29:18.36,40.22525,-75.141235,3100,2.78,false
a483a2,2,2026-10-02 22:29:22.65,40.225184,-75.134,3025,4.29,false
a483a2,2,2026-10-02 22:29:42.3,40.225021,-75.100891,3000,19.65,false
a483a2,2,2026-10-02 22:30:02.25,40.224997,-75.067083,3000,19.95,false
a483a2,2,2026-10-02 22:30:21.93,40.225137,-75.03375,3000,19.68,false
a483a2,2,2026-10-02 22:30:39.98,40.22525,-75.003479,3000,18.05,false
a483a2,2,2026-10-02 22:30:54.54,40.225388,-74.979736,2975,14.56,false
a483a2,2,2026-10-02 22:31:01.91,40.22525,-74.967773,2975,7.37,false
a483a2,2,2026-10-02 22:31:10.88,40.224532,-74.953475,3000,8.97,false
a483a2,2,2026-10-02 22:31:19.67,40.223694,-74.939617,3000,8.79,false
a483a2,2,2026-10-02 22:31:29.8,40.222778,-74.92395,3000,10.13,false
a483a2,2,2026-10-02 22:31:42.52,40.221725,-74.904541,3000,12.72,false
a483a2,2,2026-10-02 22:31:58.38,40.220581,-74.880981,3000,15.86,false
a483a2,2,2026-10-02 22:32:18.04,40.219225,-74.851976,3000,19.66,false
a483a2,2,2026-10-02 22:32:37.68,40.21788,-74.823059,3000,19.64,false
a483a2,2,2026-10-02 22:32:57.31,40.216599,-74.794434,3000,19.63,false
a483a2,2,2026-10-02 22:33:17.07,40.215271,-74.765259,2975,19.76,false
a483a2,2,2026-10-02 22:33:36.61,40.213871,-74.736682,3000,19.54,false
a483a2,2,2026-10-02 22:33:56.16,40.212616,-74.707764,3000,19.55,false
a483a2,2,2026-10-02 22:34:15.8,40.211218,-74.678816,3000,19.64,false
a483a2,2,2026-10-02 22:34:35.62,40.209821,-74.64979,3000,19.82,false
a483a2,2,2026-10-02 22:34:55.52,40.208518,-74.620826,3000,19.9,false
a483a2,2,2026-10-02 22:35:15.21,40.207123,-74.591858,3000,19.69,false
a483a2,2,2026-10-02 22:35:34.81,40.205678,-74.562399,3000,19.6,false
a483a2,2,2026-10-02 22:35:54.38,40.204285,-74.533569,3000,19.57,false
a483a2,2,2026-10-02 22:36:04.61,40.20349,-74.518766,3000,10.23,false
a483a2,2,2026-10-02 22:36:08.44,40.202885,-74.51296,3000,3.83,false
a483a2,2,2026-10-02 22:36:11.4,40.202094,-74.508778,3000,2.96,false
a483a2,2,2026-10-02 22:36:14.99,40.200851,-74.504089,3000,3.59,false
a483a2,2,2026-10-02 22:36:20.35,40.198608,-74.497131,3000,5.36,false
a483a2,2,2026-10-02 22:36:26.96,40.195724,-74.488953,2975,6.61,false
a483a2,2,2026-10-02 22:36:35.98,40.191742,-74.477783,3000,9.02,false
a483a2,2,2026-10-02 22:36:46.48,40.186964,-74.464458,3000,10.5,false
a483a2,2,2026-10-02 22:37:02.52,40.179562,-74.443609,3000,16.04,false
a483a2,2,2026-10-02 22:37:20.63,40.171183,-74.419826,3000,18.11,false
a483a2,2,2026-10-02 22:37:30.22,40.166885,-74.407715,3000,9.59,false
a483a2,2,2026-10-02 22:37:50.01,40.157916,-74.382747,3000,19.79,false
a483a2,2,2026-10-02 22:38:09.75,40.148987,-74.35791,3000,19.74,false
a483a2,2,2026-10-02 22:38:18.52,40.144867,-74.346497,3000,8.77,false
a483a2,2,2026-10-02 22:38:30.61,40.138969,-74.3305,3025,12.09,false
a483a2,2,2026-10-02 22:38:41.57,40.13356,-74.315735,3000,10.96,false
a483a2,2,2026-10-02 22:39:01.35,40.123627,-74.288635,3000,19.78,false
a483a2,2,2026-10-02 22:39:08.28,40.120301,-74.279501,2950,6.93,false
a483a2,2,2026-10-02 22:39:14.52,40.11731,-74.27124,2875,6.24,false
a483a2,2,2026-10-02 22:39:19.45,40.115041,-74.264832,2800,4.93,false
a483a2,2,2026-10-02 22:39:23.1,40.113365,-74.26015,2725,3.65,false
a483a2,2,2026-10-02 22:39:27.21,40.11141,-74.254657,2650,4.11,false
a483a2,2,2026-10-02 22:39:31.4,40.109501,-74.249164,2575,4.19,false
a483a2,2,2026-10-02 22:39:35.51,40.107639,-74.24392,2500,4.11,false
a483a2,2,2026-10-02 22:39:39.43,40.105777,-74.238739,2425,3.92,false
a483a2,2,2026-10-02 22:39:43.82,40.103775,-74.232996,2350,4.39,false
a483a2,2,2026-10-02 22:39:48.32,40.101727,-74.227316,2275,4.5,false
a483a2,2,2026-10-02 22:39:52.82,40.099632,-74.221323,2200,4.5,false
a483a2,2,2026-10-02 22:39:57.27,40.097584,-74.215643,2125,4.45,false
a483a2,2,2026-10-02 22:40:02.04,40.095303,-74.209525,2050,4.77,false
a483a2,2,2026-10-02 22:40:09.7,40.091446,-74.199951,1975,7.66,false
a483a2,2,2026-10-02 22:40:15.01,40.088832,-74.193545,1975,5.31,false
a483a2,2,2026-10-02 22:40:28.87,40.082128,-74.177253,2000,13.86,false
a483a2,2,2026-10-02 22:40:40.76,40.076477,-74.163574,2025,11.89,false
a483a2,2,2026-10-02 22:40:52.99,40.070847,-74.150024,2000,12.23,false
a483a2,2,2026-10-02 22:41:04.4,40.065602,-74.13749,2000,11.41,false
a483a2,2,2026-10-02 22:41:08.01,40.063647,-74.133745,2000,3.61,false
a483a2,2,2026-10-02 22:41:10.58,40.062103,-74.131287,2000,2.57,false
a483a2,2,2026-10-02 22:41:13.03,40.060455,-74.12915,2000,2.45,false
a483a2,2,2026-10-02 22:41:15.67,40.058387,-74.127065,2000,2.64,false
a483a2,2,2026-10-02 22:41:17.65,40.056885,-74.125793,2000,1.98,false
a483a2,2,2026-10-02 22:41:19.72,40.055128,-74.124631,2000,2.07,false
a483a2,2,2026-10-02 22:41:22.32,40.052811,-74.123413,2000,2.6,false
a483a2,2,2026-10-02 22:41:25.16,40.050339,-74.12262,2000,2.84,false
a483a2,2,2026-10-02 22:41:27.7,40.048099,-74.122321,2000,2.54,false
a483a2,2,2026-10-02 22:41:30.08,40.045957,-74.122259,2000,2.38,false
a483a2,2,2026-10-02 22:41:32.58,40.043723,-74.122571,2000,2.5,false
a483a2,2,2026-10-02 22:41:34.99,40.041824,-74.123108,2000,2.41,false
a483a2,2,2026-10-02 22:41:36.95,40.040371,-74.123757,2000,1.96,false
a483a2,2,2026-10-02 22:41:38.89,40.038881,-74.124631,2000,1.94,false
a483a2,2,2026-10-02 22:41:41.41,40.037155,-74.125854,2025,2.52,false
a483a2,2,2026-10-02 22:41:44.51,40.035204,-74.12769,2000,3.1,false
a483a2,2,2026-10-02 22:41:47.98,40.033109,-74.129999,2000,3.47,false
a483a2,2,2026-10-02 22:41:52.82,40.030502,-74.133245,2000,4.84,false
a483a2,2,2026-10-02 22:41:59.26,40.02715,-74.137927,2000,6.44,false
a483a2,2,2026-10-02 22:42:08.14,40.022598,-74.144836,2000,8.88,false
a483a2,2,2026-10-02 22:42:19.83,40.016769,-74.15397,2000,11.69,false
a483a2,2,2026-10-02 22:42:24.66,40.014535,-74.15759,2000,4.83,false
a483a2,2,2026-10-02 22:42:31.27,40.011509,-74.162397,1975,6.61,false
a483a2,2,2026-10-02 22:42:51.26,40.002617,-74.176566,2000,19.99,false
a483a2,2,2026-10-02 22:43:09.14,39.994354,-74.189392,2000,17.88,false
a483a2,2,2026-10-02 22:43:16.24,39.99115,-74.194214,2000,7.1,false
a483a2,2,2026-10-02 22:43:19.18,39.989868,-74.196228,1975,2.94,false
a483a2,2,2026-10-02 22:43:23.92,39.98786,-74.199226,1925,4.74,false
a483a2,2,2026-10-02 22:43:30.52,39.985153,-74.203369,1850,6.6,false
a483a2,2,2026-10-02 22:43:34.73,39.983505,-74.205933,1775,4.21,false
a483a2,2,2026-10-02 22:43:38.73,39.981995,-74.208277,1700,4.0,false
a483a2,2,2026-10-02 22:43:42.95,39.980365,-74.210774,1625,4.22,false
a483a2,2,2026-10-02 22:43:47.14,39.978745,-74.213318,1550,4.19,false
a483a2,2,2026-10-02 22:43:51.41,39.977234,-74.215698,1475,4.27,false
a483a2,2,2026-10-02 22:43:55.73,39.975664,-74.218077,1400,4.32,false
a483a2,2,2026-10-02 22:44:00.81,39.973848,-74.220886,1325,5.08,false
a483a2,2,2026-10-02 22:44:02.52,39.973243,-74.221823,1300,1.71,false
a483a2,2,2026-10-02 22:44:03.02,39.973057,-74.222135,1300,0.5,false
a483a2,2,2026-10-02 22:44:03.7,39.972839,-74.222412,1300,0.68,false
a483a2,2,2026-10-02 22:44:03.95,39.972702,-74.222656,1300,0.25,false
a483a2,2,2026-10-02 22:44:04.36,39.972565,-74.222839,1300,0.41,false
a483a2,2,2026-10-02 22:44:04.85,39.972405,-74.223133,1275,0.49,false
a483a2,2,2026-10-02 22:44:06.54,39.971846,-74.224007,1275,1.69,false
a483a2,2,2026-10-02 22:44:07.52,39.971474,-74.224569,1250,0.98,false
a483a2,2,2026-10-02 22:44:07.85,39.971334,-74.224756,1250,0.33,false
a483a2,2,2026-10-02 22:44:08.43,39.971146,-74.225037,1250,0.58,false
a483a2,2,2026-10-02 22:44:08.9,39.970962,-74.225318,1250,0.47,false
a483a2,2,2026-10-02 22:44:09.43,39.970825,-74.225586,1250,0.53,false
a483a2,2,2026-10-02 22:44:09.88,39.970636,-74.22588,1225,0.45,false
a483a2,2,2026-10-02 22:44:10.37,39.970459,-74.226135,1225,0.49,false
a483a2,2,2026-10-02 22:44:10.91,39.970263,-74.226442,1225,0.54,false
a483a2,2,2026-10-02 22:44:11.32,39.970124,-74.226629,1225,0.41,false
a483a2,2,2026-10-02 22:44:11.79,39.969955,-74.226929,1225,0.47,false
a483a2,2,2026-10-02 22:44:12.9,39.969565,-74.227565,1200,1.11,false
a483a2,2,2026-10-02 22:44:13.85,39.969223,-74.228027,1200,0.95,false
a483a2,2,2026-10-02 22:44:14.16,39.969086,-74.228271,1200,0.31,false
a483a2,2,2026-10-02 22:44:14.62,39.968913,-74.228502,1200,0.46,false
a483a2,2,2026-10-02 22:44:15.28,39.968765,-74.228821,1175,0.66,false
a483a2,2,2026-10-02 22:44:17.29,39.967982,-74.229937,1175,2.01,false
a483a2,2,2026-10-02 22:44:18.23,39.967667,-74.230469,1150,0.94,false
a483a2,2,2026-10-02 22:44:19.22,39.967284,-74.231061,1150,0.99,false
a483a2,2,2026-10-02 22:44:19.78,39.967117,-74.231323,1150,0.56,false
a483a2,2,2026-10-02 22:44:20.33,39.966958,-74.23156,1125,0.55,false
a483a2,2,2026-10-02 22:44:20.82,39.966751,-74.231873,1125,0.49,false
a483a2,2,2026-10-02 22:44:21.25,39.966614,-74.232056,1125,0.43,false
a483a2,2,2026-10-02 22:44:21.64,39.966446,-74.232372,1125,0.39,false
a483a2,2,2026-10-02 22:44:22.18,39.966248,-74.232605,1125,0.54,false
a483a2,2,2026-10-02 22:44:23.09,39.965934,-74.233121,1100,0.91,false
a483a2,2,2026-10-02 22:44:23.55,39.96579,-74.233398,1100,0.46,false
a483a2,2,2026-10-02 22:44:24.16,39.965561,-74.233704,1100,0.61,false
a483a2,2,2026-10-02 22:44:25.21,39.965189,-74.234307,1075,1.05,false
a483a2,2,2026-10-02 22:44:25.65,39.96505,-74.234494,1075,0.44,false
a483a2,2,2026-10-02 22:44:26.71,39.964677,-74.235056,1075,1.06,false
a483a2,2,2026-10-02 22:44:27.26,39.964491,-74.235368,1075,0.55,false
a483a2,2,2026-10-02 22:44:27.79,39.964351,-74.235618,1075,0.53,false
a483a2,2,2026-10-02 22:44:28.28,39.964142,-74.235901,1050,0.49,false
a483a2,2,2026-10-02 22:44:29.21,39.963821,-74.23645,1050,0.93,false
a483a2,2,2026-10-02 22:44:30.82,39.963281,-74.237303,1025,1.61,false
a483a2,2,2026-10-02 22:44:31.28,39.963048,-74.237615,1025,0.46,false
a483a2,2,2026-10-02 22:44:32.26,39.962722,-74.238177,1025,0.98,false
a483a2,2,2026-10-02 22:44:33.83,39.962163,-74.239051,1000,1.57,false
a483a2,2,2026-10-02 22:44:34.32,39.962024,-74.239301,1000,0.49,false
a483a2,2,2026-10-02 22:44:36.71,39.961139,-74.240612,975,2.39,false
a483a2,2,2026-10-02 22:44:37.21,39.960983,-74.240906,975,0.5,false
a483a2,2,2026-10-02 22:44:38.27,39.960581,-74.241486,950,1.06,false
a483a2,2,2026-10-02 22:44:39.39,39.960205,-74.242065,950,1.12,false
a483a2,2,2026-10-02 22:44:39.88,39.960022,-74.24236,925,0.49,false
a483a2,2,2026-10-02 22:44:40.54,39.959789,-74.242672,925,0.66,false
a483a2,2,2026-10-02 22:44:41.03,39.95961,-74.24292,925,0.49,false
a483a2,2,2026-10-02 22:44:43.16,39.958905,-74.244045,900,2.13,false
a483a2,2,2026-10-02 22:44:44.14,39.958579,-74.244607,875,0.98,false
a483a2,2,2026-10-02 22:44:44.47,39.958439,-74.244794,875,0.33,false
a483a2,2,2026-10-02 22:44:45.65,39.958054,-74.245361,875,1.18,false
a483a2,2,2026-10-02 22:44:46.6,39.957741,-74.245855,850,0.95,false
a483a2,2,2026-10-02 22:44:47.91,39.95723,-74.246643,850,1.31,false
a483a2,2,2026-10-02 22:44:48.37,39.957092,-74.246826,850,0.46,false
a483a2,2,2026-10-02 22:44:49.38,39.956772,-74.247375,825,1.01,false
a483a2,2,2026-10-02 22:44:51.76,39.955948,-74.248596,800,2.38,false
a483a2,2,2026-10-02 22:44:52.18,39.955811,-74.24884,800,0.42,false
a483a2,2,2026-10-02 22:44:52.67,39.955646,-74.249101,800,0.49,false
a483a2,2,2026-10-02 22:44:53.04,39.955506,-74.249288,800,0.37,false
a483a2,2,2026-10-02 22:44:55.15,39.954803,-74.250366,775,2.11,false
a483a2,2,2026-10-02 22:44:55.64,39.954622,-74.250662,775,0.49,false
a483a2,2,2026-10-02 22:44:56.13,39.954437,-74.250916,775,0.49,false
a483a2,2,2026-10-02 22:44:56.79,39.954296,-74.251161,750,0.66,false
a483a2,2,2026-10-02 22:44:57.69,39.953924,-74.25166,750,0.9,false
a483a2,2,2026-10-02 22:45:00.75,39.952946,-74.253221,725,3.06,false
a483a2,2,2026-10-02 22:45:02.03,39.952434,-74.25397,700,1.28,false
a483a2,2,2026-10-02 22:45:03.16,39.952057,-74.254517,700,1.13,false
a483a2,2,2026-10-02 22:45:06.52,39.950912,-74.256287,650,3.36,false
a483a2,2,2026-10-02 22:45:06.97,39.950775,-74.256531,650,0.45,false
a483a2,2,2026-10-02 22:45:07.95,39.950455,-74.257019,650,0.98,false
a483a2,2,2026-10-02 22:45:11.05,39.949408,-74.258652,625,3.1,false
a483a2,2,2026-10-02 22:45:12.13,39.949036,-74.259216,600,1.08,false
a483a2,2,2026-10-02 22:45:12.63,39.948896,-74.259463,600,0.5,false
a483a2,2,2026-10-02 22:45:15.14,39.948058,-74.260712,575,2.51,false
a483a2,2,2026-10-02 22:45:15.55,39.947891,-74.260986,575,0.41,false
a483a2,2,2026-10-02 22:45:16.2,39.947708,-74.261292,575,0.65,false
a483a2,2,2026-10-02 22:45:18.25,39.947021,-74.262329,550,2.05,false
a483a2,2,2026-10-02 22:45:19.81,39.946475,-74.263209,525,1.56,false
a483a2,2,2026-10-02 22:45:20.3,39.946289,-74.263489,525,0.49,false
a483a2,2,2026-10-02 22:45:20.79,39.946152,-74.263672,525,0.49,false
a483a2,2,2026-10-02 22:45:21.33,39.945969,-74.264038,525,0.54,false
a483a2,2,2026-10-02 22:45:21.94,39.945777,-74.26427,500,0.61,false
a483a2,2,2026-10-02 22:45:22.46,39.945591,-74.264582,500,0.52,false
a483a2,2,2026-10-02 22:45:23.05,39.945405,-74.264894,500,0.59,false
a483a2,2,2026-10-02 22:45:23.54,39.945236,-74.265137,500,0.49,false
a483a2,2,2026-10-02 22:45:24.02,39.945099,-74.265381,475,0.48,false
a483a2,2,2026-10-02 22:45:24.42,39.944962,-74.265564,475,0.4,false
a483a2,2,2026-10-02 22:45:26.09,39.944412,-74.266418,475,1.67,false
a483a2,2,2026-10-02 22:45:27.4,39.943961,-74.267079,450,1.31,false
a483a2,2,2026-10-02 22:45:28.35,39.943636,-74.267578,450,0.95,false
a48759,1,2026-10-02 15:03:01.59,25.51314,-77.923227,25350,,true
a48759,1,2026-10-02 15:03:04.52,25.516073,-77.928513,25400,2.93,false
a48759,1,2026-10-02 15:03:16.18,25.527571,-77.94919,25650,11.66,false
a48759,1,2026-10-02 15:03:22.09,25.53353,-77.959865,25825,5.91,false
a48759,1,2026-10-02 15:03:29.92,25.541258,-77.973806,26100,7.83,false
a48759,1,2026-10-02 15:03:41.32,25.55257,-77.99412,26475,11.4,false
a48759,1,2026-10-02 15:03:45.24,25.556396,-78.001048,26575,3.92,false
a48759,1,2026-10-02 15:03:57.54,25.568527,-78.022919,26925,12.3,false
a48759,1,2026-10-02 15:04:08.83,25.57988,-78.043315,27275,11.29,false
a48759,1,2026-10-02 15:04:20.64,25.591534,-78.064339,27575,11.81,false
a48759,1,2026-10-02 15:04:33.21,25.60415,-78.087141,27900,12.57,false
a48759,1,2026-10-02 15:04:45.88,25.616812,-78.110046,28225,12.67,false
a48759,1,2026-10-02 15:05:00.54,25.631848,-78.137201,28525,14.66,false
a48759,1,2026-10-02 15:05:09.56,25.640991,-78.154195,28700,9.02,false
a48759,1,2026-10-02 15:05:13.07,25.64415,-78.160706,28750,3.51,false
a48759,1,2026-10-02 15:05:19.69,25.650055,-78.173625,28900,6.62,false
a48759,1,2026-10-02 15:05:34.8,25.663284,-78.203786,29225,15.11,true
a48759,1,2026-10-02 15:05:35.29,25.663737,-78.204778,29250,0.49,false
a48759,1,2026-10-02 15:05:46.11,25.672907,-78.226025,29450,10.82,false
a48759,1,2026-10-02 15:05:56.93,25.682451,-78.248205,29725,10.82,false
a48759,1,2026-10-02 15:06:12.42,25.695858,-78.27935,30100,15.49,false
a48759,1,2026-10-02 15:06:22.92,25.705032,-78.300629,30375,10.5,false
a48759,1,2026-10-02 15:06:42.36,25.72202,-78.340137,30925,19.44,true
a48759,1,2026-10-02 15:07:01.36,25.7385,-78.378382,31325,19.0,true
a48759,1,2026-10-02 15:07:13.94,25.749719,-78.404501,31675,12.58,false
a48759,1,2026-10-02 15:07:26.65,25.760938,-78.430567,32025,12.71,false
a48759,1,2026-10-02 15:07:37.23,25.770015,-78.451763,32275,10.58,false
a48759,1,2026-10-02 15:07:51.95,25.783127,-78.482157,32550,14.72,false
a48759,1,2026-10-02 15:08:04.09,25.793701,-78.506775,32750,12.14,false
a48759,1,2026-10-02 15:08:18.89,25.806793,-78.537343,33025,14.8,false
a48759,1,2026-10-02 15:08:33.2,25.819565,-78.567149,33325,14.31,false
a48759,1,2026-10-02 15:08:48.21,25.832861,-78.598093,33600,15.01,false
a48759,1,2026-10-02 15:09:02.58,25.845663,-78.628041,33900,14.37,false
a48759,1,2026-10-02 15:09:14.9,25.856644,-78.653662,34200,12.32,false
a48759,1,2026-10-02 15:09:27.2,25.86763,-78.679366,34550,12.3,false
a48759,1,2026-10-02 15:09:38.55,25.877551,-78.702674,34850,11.35,false
a48759,1,2026-10-02 15:09:51.29,25.888817,-78.729084,35175,12.74,false
a48759,1,2026-10-02 15:09:54.9,25.891982,-78.736478,35275,3.61,false
a48759,1,2026-10-02 15:10:06.79,25.902374,-78.760831,35625,11.89,false
a48759,1,2026-10-02 15:10:15.92,25.910277,-78.779367,35900,9.13,false
a48759,1,2026-10-02 15:10:20.97,25.914642,-78.789696,36075,5.05,false
a48759,1,2026-10-02 15:10:25.63,25.918625,-78.79892,36275,4.66,false
a48759,1,2026-10-02 15:10:34.78,25.926338,-78.81708,36650,9.15,false
a48759,1,2026-10-02 15:10:43.65,25.933879,-78.834827,37025,8.87,false
a48759,1,2026-10-02 15:10:50.28,25.939372,-78.847768,37275,6.63,false
a48759,1,2026-10-02 15:11:00.42,25.947693,-78.867378,37625,10.14,false
a48759,1,2026-10-02 15:11:05.32,25.951755,-78.876871,37750,4.9,false
a48759,1,2026-10-02 15:11:17.95,25.96209,-78.901115,38075,12.63,false
a48759,1,2026-10-02 15:11:21.96,25.965349,-78.908826,38175,4.01,false
a48759,1,2026-10-02 15:11:35.18,25.976102,-78.934232,38475,13.22,false
a48759,1,2026-10-02 15:11:48.64,25.987182,-78.960219,38800,13.46,false
a48759,1,2026-10-02 15:12:02.38,25.997982,-78.985731,39125,13.74,false
a48759,1,2026-10-02 15:12:16.93,26.009899,-79.013778,39425,14.55,false
a48759,1,2026-10-02 15:12:30.64,26.020844,-79.039635,39725,13.71,false
a48759,1,2026-10-02 15:12:44.26,26.031732,-79.065382,40025,13.62,false
a48759,1,2026-10-02 15:12:57.76,26.042346,-79.090365,40325,13.5,false
a48759,1,2026-10-02 15:13:13.25,26.054489,-79.11913,40600,15.49,false
a48759,1,2026-10-02 15:13:28.06,26.066071,-79.146441,40875,14.81,false
a48759,1,2026-10-02 15:13:29.53,26.067251,-79.149205,40925,1.47,false
a48759,1,2026-10-02 15:13:34.4,26.071014,-79.158152,41050,4.87,false
a48759,1,2026-10-02 15:13:44.45,26.078705,-79.176394,41275,10.05,false
a48759,1,2026-10-02 15:13:49.23,26.082413,-79.1851,41350,4.78,false
a48759,1,2026-10-02 15:13:59.11,26.090015,-79.20308,41475,9.88,false
a48759,1,2026-10-02 15:14:18.72,26.105052,-79.238733,41650,19.61,false
a48759,1,2026-10-02 15:14:38.53,26.120274,-79.274808,41850,19.81,false
a48759,1,2026-10-02 15:14:58.31,26.135497,-79.311042,41950,19.78,false
a48759,1,2026-10-02 15:15:17.84,26.150673,-79.347065,42050,19.53,false
a48759,1,2026-10-02 15:15:37.6,26.165955,-79.383476,42175,19.76,false
a48759,1,2026-10-02 15:15:57.18,26.181244,-79.419803,42300,19.58,false
a48759,1,2026-10-02 15:16:02.94,26.18568,-79.430413,42350,5.76,false
a48759,1,2026-10-02 15:16:22.66,26.201089,-79.467122,42550,19.72,false
a48759,1,2026-10-02 15:16:37.76,26.21283,-79.495101,42675,15.1,false
a48759,1,2026-10-02 15:16:57.48,26.228183,-79.53172,42775,19.72,false
a48759,1,2026-10-02 15:17:12.01,26.239471,-79.558739,42900,14.53,false
a48759,1,2026-10-02 15:17:31.63,26.254807,-79.595325,42975,19.62,false
a48759,1,2026-10-02 15:17:37.16,26.259093,-79.605613,43000,5.53,false
a48759,1,2026-10-02 15:17:57.13,26.274828,-79.643326,43000,19.97,false
a48759,1,2026-10-02 15:18:16.86,26.290563,-79.681038,43000,19.73,false
a48759,1,2026-10-02 15:18:36.73,26.306483,-79.719068,43000,19.87,false
a48759,1,2026-10-02 15:18:56.61,26.32251,-79.757581,42975,19.88,false
a48759,1,2026-10-02 15:19:16.4,26.338372,-79.795761,43000,19.79,false
a48759,1,2026-10-02 15:19:36.13,26.354339,-79.834002,42975,19.73,false
a48759,1,2026-10-02 15:19:56.04,26.370353,-79.872507,42975,19.91,false
a48759,1,2026-10-02 15:20:15.56,26.385864,-79.909939,42975,19.52,false
a48759,1,2026-10-02 15:20:35.47,26.401636,-79.947985,42975,19.91,false
a48759,1,2026-10-02 15:20:55.02,26.417084,-79.985185,43000,19.55,false
a48759,1,2026-10-02 15:21:14.6,26.43251,-80.022497,42975,19.58,false
a48759,1,2026-10-02 15:21:25,26.440842,-80.042137,43000,10.4,false
a48759,1,2026-10-02 15:21:31.55,26.446701,-80.054316,42975,6.55,false
a48759,1,2026-10-02 15:21:37.83,26.452744,-80.065354,42975,6.28,false
a48759,1,2026-10-02 15:21:43.93,26.459175,-80.075965,42975,6.1,false
a48759,1,2026-10-02 15:21:49.96,26.465925,-80.085948,42975,6.03,false
a48759,1,2026-10-02 15:21:56.06,26.47342,-80.095931,42975,6.1,false
a48759,1,2026-10-02 15:22:02.16,26.481171,-80.105309,42975,6.1,false
a48759,1,2026-10-02 15:22:08.57,26.489666,-80.114576,42975,6.41,false
a48759,1,2026-10-02 15:22:18.02,26.50296,-80.127903,42975,9.45,false
a48759,1,2026-10-02 15:22:37.64,26.530746,-80.154903,42975,19.62,false
a48759,1,2026-10-02 15:22:57.47,26.558899,-80.182058,43000,19.83,false
a48759,1,2026-10-02 15:23:17.07,26.586961,-80.209016,43000,19.6,false
a48759,1,2026-10-02 15:23:36.94,26.615295,-80.236315,43000,19.87,false
a48759,1,2026-10-02 15:23:56.71,26.643428,-80.26342,43000,19.77,false
a48759,1,2026-10-02 15:24:16.5,26.671732,-80.290674,43000,19.79,false
a48759,1,2026-10-02 15:24:36.4,26.700256,-80.318143,43000,19.9,false
a48759,1,2026-10-02 15:24:56.38,26.728958,-80.345816,43000,19.98,false
a48759,1,2026-10-02 15:25:15.88,26.756969,-80.372807,43000,19.5,false
a48759,1,2026-10-02 15:25:35.84,26.785583,-80.400437,42975,19.96,false
a48759,1,2026-10-02 15:25:55.73,26.814229,-80.428109,43000,19.89,false
a48759,1,2026-10-02 15:26:15.69,26.843044,-80.455944,42975,19.96,false
a48759,1,2026-10-02 15:26:35.43,26.871506,-80.483404,43000,19.74,false
a48759,1,2026-10-02 15:26:55.08,26.899978,-80.510929,43000,19.65,false
a48759,1,2026-10-02 15:27:14.83,26.928452,-80.538491,43000,19.75,false
a48759,1,2026-10-02 15:27:34.79,26.957428,-80.566579,42975,19.96,false
a48759,1,2026-10-02 15:27:54.68,26.986286,-80.594594,43000,19.89,false
a48759,1,2026-10-02 15:28:14.46,27.015102,-80.622588,43000,19.78,false
a48759,1,2026-10-02 15:28:33.88,27.043405,-80.650054,43000,19.42,false
a48759,1,2026-10-02 15:28:53.78,27.072418,-80.678204,43000,19.9,false
a48759,1,2026-10-02 15:29:13.32,27.100851,-80.705883,43000,19.54,false
a48759,1,2026-10-02 15:29:32.92,27.129434,-80.733719,43000,19.6,false
a48759,1,2026-10-02 15:29:52.41,27.157883,-80.761431,43000,19.49,false
a48759,1,2026-10-02 15:30:12.31,27.187019,-80.789813,43000,19.9,false
a48759,1,2026-10-02 15:30:32.09,27.215974,-80.818018,43000,19.78,false
a48759,1,2026-10-02 15:30:45.68,27.235945,-80.837508,42975,13.59,false
a48759,1,2026-10-02 15:31:02.69,27.260944,-80.861857,43000,17.01,false
a48759,1,2026-10-02 15:31:10.63,27.272552,-80.873212,42975,7.94,false
a48759,1,2026-10-02 15:31:18.9,27.284779,-80.885151,43000,8.27,false
a48759,1,2026-10-02 15:31:20.41,27.286972,-80.887307,42975,1.51,false
a48759,1,2026-10-02 15:31:40.17,27.316177,-80.915861,43000,19.76,false
a48759,1,2026-10-02 15:32:00,27.345428,-80.944415,43000,19.83,false
a48759,1,2026-10-02 15:32:19.53,27.374206,-80.972566,43000,19.53,false
a48759,1,2026-10-02 15:32:35,27.397018,-80.99489,43000,15.47,false
a48759,1,2026-10-02 15:32:54.85,27.426158,-81.02343,42975,19.85,false
a48759,1,2026-10-02 15:33:14.48,27.454694,-81.051477,42975,19.63,false
a48759,1,2026-10-02 15:33:34.07,27.483091,-81.079366,43000,19.59,false
a48759,1,2026-10-02 15:33:53.65,27.511348,-81.107148,42975,19.58,false
a48759,1,2026-10-02 15:34:13.36,27.539559,-81.134825,42975,19.71,false
a48759,1,2026-10-02 15:34:33.24,27.568189,-81.163031,42975,19.88,false
a48759,1,2026-10-02 15:34:53.16,27.596649,-81.190986,43000,19.92,false
a48759,1,2026-10-02 15:35:12.92,27.62475,-81.218596,43000,19.76,false
a48759,1,2026-10-02 15:35:32.6,27.652679,-81.246177,43000,19.68,false
a48759,1,2026-10-02 15:35:52.53,27.680845,-81.27395,42975,19.93,false
a48759,1,2026-10-02 15:36:12.32,27.708776,-81.301575,42975,19.79,false
a48759,1,2026-10-02 15:36:31.83,27.736267,-81.32873,43000,19.51,false
a48759,1,2026-10-02 15:36:51.51,27.763987,-81.356084,42975,19.68,false
a48759,1,2026-10-02 15:37:11.18,27.791611,-81.383402,42975,19.67,false
a48759,1,2026-10-02 15:37:30.85,27.819031,-81.410557,43000,19.67,false
a48759,1,2026-10-02 15:37:50.66,27.846771,-81.438075,43000,19.81,false
a48759,1,2026-10-02 15:38:10.65,27.874969,-81.466007,43000,19.99,false
a48759,1,2026-10-02 15:38:30.39,27.902939,-81.493784,43000,19.74,false
a48759,1,2026-10-02 15:38:50.04,27.930817,-81.521457,43000,19.65,false
a48759,1,2026-10-02 15:39:09.85,27.959227,-81.549629,43000,19.81,false
a48759,1,2026-10-02 15:39:29.58,27.987396,-81.577659,42975,19.73,false
a48759,1,2026-10-02 15:39:49.49,28.015823,-81.605917,43000,19.91,false
a48759,1,2026-10-02 15:40:09.01,28.044067,-81.634017,43000,19.52,false
a48759,1,2026-10-02 15:40:28.94,28.072815,-81.662669,43000,19.93,false
a48759,1,2026-10-02 15:40:48.6,28.101425,-81.691167,42975,19.66,false
a48759,1,2026-10-02 15:41:08.1,28.129748,-81.719432,43000,19.5,false
a48759,1,2026-10-02 15:41:27.91,28.158564,-81.748137,43000,19.81,false
a48759,1,2026-10-02 15:41:47.7,28.18738,-81.777003,43000,19.79,false
a48759,1,2026-10-02 15:42:07.6,28.216415,-81.806048,43000,19.9,false
a48759,1,2026-10-02 15:42:27.13,28.245071,-81.834676,43000,19.53,false
a48759,1,2026-10-02 15:42:46.76,28.273682,-81.863356,42975,19.63,false
a48759,1,2026-10-02 15:43:06.76,28.30275,-81.89246,43000,20.0,false
a48759,1,2026-10-02 15:43:25.86,28.330388,-81.92031,42975,19.1,false
a48759,1,2026-10-02 15:43:32.77,28.33992,-81.930753,43000,6.91,false
a48759,1,2026-10-02 15:43:42.76,28.353104,-81.946546,42975,9.99,false
a48759,1,2026-10-02 15:44:02.62,28.378693,-81.97829,43000,19.86,false
a48759,1,2026-10-02 15:44:22.4,28.404099,-82.01014,42975,19.78,false
a48759,1,2026-10-02 15:44:42.19,28.429413,-82.042043,43000,19.79,false
a48759,1,2026-10-02 15:45:02.12,28.454823,-82.074011,43000,19.93,false
a48759,1,2026-10-02 15:45:21.86,28.4801,-82.105839,42975,19.74,false
a48759,1,2026-10-02 15:45:41.79,28.505447,-82.137803,43000,19.93,false
a48759,1,2026-10-02 15:46:01.24,28.530284,-82.169172,42975,19.45,false
a48759,1,2026-10-02 15:46:21,28.555344,-82.200922,43000,19.76,false
a48759,1,2026-10-02 15:46:40.61,28.580338,-82.232455,42975,19.61,false
a48759,1,2026-10-02 15:47:00.26,28.605419,-82.264225,42975,19.65,false
a48759,1,2026-10-02 15:47:19.8,28.630234,-82.295679,43000,19.54,false
a48759,1,2026-10-02 15:47:39.49,28.655323,-82.32745,43000,19.69,false
a48759,1,2026-10-02 15:47:59.18,28.680405,-82.359273,42975,19.69,false
a48759,1,2026-10-02 15:48:18.77,28.705227,-82.390837,43000,19.59,false
a48759,1,2026-10-02 15:48:38.77,28.730691,-82.423203,42975,20.0,false
a48759,1,2026-10-02 15:48:58.3,28.75569,-82.454978,42975,19.53,false
a48759,1,2026-10-02 15:49:18.14,28.780921,-82.487075,43000,19.84,false
a48759,1,2026-10-02 15:49:37.94,28.806152,-82.519172,43000,19.8,false
a48759,1,2026-10-02 15:49:57.65,28.831238,-82.551164,43000,19.71,false
a48759,1,2026-10-02 15:50:17.19,28.856277,-82.583014,43000,19.54,false
a48759,1,2026-10-02 15:50:36.99,28.8815,-82.615286,43000,19.8,false
a48759,1,2026-10-02 15:50:56.54,28.906379,-82.647077,43000,19.55,false
a48759,1,2026-10-02 15:51:15.99,28.931305,-82.678933,43000,19.45,false
a48759,1,2026-10-02 15:51:35.59,28.95619,-82.710787,42975,19.6,false
a48759,1,2026-10-02 15:51:55.42,28.981613,-82.743266,43000,19.83,false
a48759,1,2026-10-02 15:52:15.36,29.007025,-82.775897,43000,19.94,false
a48759,1,2026-10-02 15:52:34.82,29.031921,-82.807864,42975,19.46,false
a48759,1,2026-10-02 15:52:54.63,29.057236,-82.840294,43000,19.81,false
a48759,1,2026-10-02 15:53:14.2,29.082275,-82.872408,43000,19.57,false
a48759,1,2026-10-02 15:53:33.82,29.107315,-82.904575,43000,19.62,false
a48759,1,2026-10-02 15:53:53.76,29.132858,-82.937428,42975,19.94,false
a48759,1,2026-10-02 15:54:13.46,29.157852,-82.969648,43000,19.7,false
a48759,1,2026-10-02 15:54:33.07,29.182946,-83.002086,43000,19.61,false
a48759,1,2026-10-02 15:54:53.05,29.20855,-83.035045,42975,19.98,false
a48759,1,2026-10-02 15:55:12.98,29.234024,-83.067944,43000,19.93,false
a48759,1,2026-10-02 15:55:32.93,29.259478,-83.100855,43000,19.95,false
a48759,1,2026-10-02 15:55:52.76,29.284849,-83.133599,42975,19.83,false
a48759,1,2026-10-02 15:56:12.55,29.310173,-83.166396,43000,19.79,false
a48759,1,2026-10-02 15:56:32.37,29.335602,-83.19941,42975,19.82,false
a48759,1,2026-10-02 15:56:52.03,29.360687,-83.231947,43000,19.66,false
a48759,1,2026-10-02 15:57:11.67,29.385635,-83.264304,43000,19.64,false
a48759,1,2026-10-02 15:57:31.49,29.411285,-83.297586,42975,19.82,false
a48759,1,2026-10-02 15:57:51.01,29.43631,-83.330084,42975,19.52,false
a48759,1,2026-10-02 15:58:10.64,29.461561,-83.362911,43000,19.63,false
a48759,1,2026-10-02 15:58:30.33,29.4867,-83.395601,43000,19.69,false
a48759,1,2026-10-02 15:58:50.16,29.512164,-83.428722,43000,19.83,false
a48759,1,2026-10-02 15:59:09.97,29.537704,-83.462026,43000,19.81,false
a48759,1,2026-10-02 15:59:29.75,29.563092,-83.495124,42975,19.78,false
a48759,1,2026-10-02 15:59:49.68,29.588835,-83.52873,43000,19.93,false
a48759,1,2026-10-02 16:00:09.3,29.614066,-83.561742,43000,19.62,false
a48759,1,2026-10-02 16:00:29.04,29.639465,-83.594971,42975,19.74,false
a48759,1,2026-10-02 16:00:38.3,29.651262,-83.610858,43000,9.26,false
a48759,1,2026-10-02 16:00:44.93,29.659176,-83.622598,42975,6.63,false
a48759,1,2026-10-02 16:00:51.54,29.666531,-83.634769,42975,6.61,false
a48759,1,2026-10-02 16:00:58.31,29.673431,-83.647525,42975,6.77,false
a48759,1,2026-10-02 16:01:10.57,29.685338,-83.671552,42975,12.26,false
a48759,1,2026-10-02 16:01:30.2,29.703964,-83.710327,42975,19.63,false
a48759,1,2026-10-02 16:01:49.91,29.722393,-83.749372,42975,19.71,false
a48759,1,2026-10-02 16:02:09.6,29.740782,-83.788309,42975,19.69,false
a48759,1,2026-10-02 16:02:29.13,29.759263,-83.827353,42975,19.53,false
a48759,1,2026-10-02 16:02:48.89,29.777847,-83.866671,43000,19.76,false
a48759,1,2026-10-02 16:03:08.49,29.796341,-83.906021,43000,19.6,false
a48759,1,2026-10-02 16:03:27.94,29.814846,-83.945348,43000,19.45,false
a48759,1,2026-10-02 16:03:47.76,29.833603,-83.985249,43000,19.82,false
a48759,1,2026-10-02 16:04:07.57,29.8526,-84.025753,42975,19.81,false
a48759,1,2026-10-02 16:04:27.16,29.871361,-84.065767,43000,19.59,false
a48759,1,2026-10-02 16:04:47,29.890457,-84.106522,43000,19.84,false
a48759,1,2026-10-02 16:05:06.97,29.90958,-84.147411,43000,19.97,false
a48759,1,2026-10-02 16:05:26.74,29.928666,-84.188287,43000,19.77,false
a48759,1,2026-10-02 16:05:46.39,29.947723,-84.229054,42975,19.65,false
a48759,1,2026-10-02 16:06:06.35,29.966979,-84.270355,43000,19.96,false
a48759,1,2026-10-02 16:06:26.26,29.986313,-84.311775,42975,19.91,false
a48759,1,2026-10-02 16:06:46.12,30.005617,-84.353247,43000,19.86,false
a48759,1,2026-10-02 16:07:05.61,30.024582,-84.394011,43000,19.49,false
a48759,1,2026-10-02 16:07:25.54,30.043976,-84.435754,43000,19.93,false
a48759,1,2026-10-02 16:07:45.02,30.062943,-84.476677,43000,19.48,false
a48759,1,2026-10-02 16:08:04.64,30.082077,-84.517876,42975,19.62,false
a48759,1,2026-10-02 16:08:24.5,30.101515,-84.559845,43000,19.86,false
a48759,1,2026-10-02 16:08:44.35,30.120834,-84.601593,43000,19.85,false
a48759,1,2026-10-02 16:09:03.95,30.139967,-84.643066,42975,19.6,false
a48759,1,2026-10-02 16:09:23.91,30.159519,-84.685419,43000,19.96,false
a48759,1,2026-10-02 16:09:43.6,30.178757,-84.727155,43000,19.69,false
a48759,1,2026-10-02 16:10:03.25,30.197845,-84.768623,42975,19.65,false
a48759,1,2026-10-02 16:10:23.16,30.217163,-84.810576,43000,19.91,false
a48759,1,2026-10-02 16:10:42.84,30.236481,-84.852582,43000,19.68,false
a48759,1,2026-10-02 16:11:02.66,30.255753,-84.894643,43000,19.82,false
a48759,1,2026-10-02 16:11:22.42,30.27507,-84.936649,43000,19.76,false
a48759,1,2026-10-02 16:11:42.24,30.294296,-84.978602,42975,19.82,false
a48759,1,2026-10-02 16:12:02.22,30.31366,-85.020985,43000,19.98,false
a48759,1,2026-10-02 16:12:21.76,30.332657,-85.062507,43000,19.54,false
a48759,1,2026-10-02 16:12:41.46,30.351733,-85.104272,43000,19.7,false
a48759,1,2026-10-02 16:13:01.33,30.370866,-85.14624,43000,19.87,false
a48759,1,2026-10-02 16:13:20.9,30.389813,-85.187823,42975,19.57,false
a48759,1,2026-10-02 16:13:40.47,30.408646,-85.229241,42975,19.57,false
a48759,1,2026-10-02 16:14:00.14,30.42766,-85.271045,42975,19.67,false
a48759,1,2026-10-02 16:14:19.74,30.446607,-85.312683,43000,19.6,false
a48759,1,2026-10-02 16:14:39.68,30.465926,-85.3552,43000,19.94,false
a48759,1,2026-10-02 16:14:59.47,30.485012,-85.397443,42975,19.79,false
a48759,1,2026-10-02 16:15:19.15,30.504006,-85.439246,43000,19.68,false
a48759,1,2026-10-02 16:15:38.81,30.523041,-85.481388,43000,19.66,false
a48759,1,2026-10-02 16:15:58.67,30.542318,-85.52406,42975,19.86,false
a48759,1,2026-10-02 16:16:18.63,30.561584,-85.566801,43000,19.96,false
a48759,1,2026-10-02 16:16:38.41,30.580765,-85.6094,43000,19.78,false
a48759,1,2026-10-02 16:16:58.23,30.599945,-85.651999,43000,19.82,false
a48759,1,2026-10-02 16:17:17.95,30.61899,-85.694513,43000,19.72,false
a48759,1,2026-10-02 16:17:37.62,30.637983,-85.73681,42975,19.67,false
a48759,1,2026-10-02 16:17:57.17,30.656976,-85.779108,43000,19.55,false
a48759,1,2026-10-02 16:18:16.73,30.67597,-85.821515,42975,19.56,false
a48759,1,2026-10-02 16:18:36.5,30.695056,-85.864197,43000,19.77,false
a48759,1,2026-10-02 16:18:56.3,30.714096,-85.906769,43000,19.8,false
a48759,1,2026-10-02 16:19:16.29,30.733275,-85.94967,42975,19.99,false
a48759,1,2026-10-02 16:19:36.07,30.752222,-85.992133,43000,19.78,false
a48759,1,2026-10-02 16:19:55.64,30.770874,-86.033936,43000,19.57,false
a48759,1,2026-10-02 16:20:15.3,30.78965,-86.076178,43000,19.66,false
a48759,1,2026-10-02 16:20:30.85,30.804291,-86.10944,43000,15.55,false
a48759,1,2026-10-02 16:20:37.48,30.81004,-86.124243,43000,6.63,false
a48759,1,2026-10-02 16:20:43.65,30.814695,-86.138251,42975,6.17,false
a48759,1,2026-10-02 16:20:50.85,30.81926,-86.154677,42975,7.2,false
a48759,1,2026-10-02 16:21:07.2,30.828827,-86.192914,43000,16.35,false
a48759,1,2026-10-02 16:21:27.07,30.840066,-86.239545,42975,19.87,false
a48759,1,2026-10-02 16:21:47.02,30.851212,-86.286244,43000,19.95,false
a48759,1,2026-10-02 16:22:06.83,30.862289,-86.332721,43000,19.81,false
a48759,1,2026-10-02 16:22:26.73,30.873398,-86.379456,43000,19.9,false
a48759,1,2026-10-02 16:22:46.44,30.884354,-86.425727,42975,19.71,false
a48759,1,2026-10-02 16:23:06.29,30.89534,-86.47215,43000,19.85,false
a48759,1,2026-10-02 16:23:25.9,30.906263,-86.518378,43000,19.61,false
a48759,1,2026-10-02 16:23:45.89,30.917343,-86.565344,43000,19.99,false
a48759,1,2026-10-02 16:24:05.5,30.92819,-86.611432,43000,19.61,false
a48759,1,2026-10-02 16:24:25.08,30.939083,-86.657574,42975,19.58,false
a48759,1,2026-10-02 16:24:45.06,30.950089,-86.704532,43000,19.98,false
a48759,1,2026-10-02 16:25:04.58,30.960892,-86.750793,42975,19.52,false
a48759,1,2026-10-02 16:25:24.31,30.971762,-86.797321,43000,19.73,false
a48759,1,2026-10-02 16:25:44.12,30.982702,-86.844122,43000,19.81,false
a48759,1,2026-10-02 16:26:04.06,30.993782,-86.891364,43000,19.94,false
a48759,1,2026-10-02 16:26:23.91,31.004675,-86.93822,42975,19.85,false
a48759,1,2026-10-02 16:26:43.69,31.015522,-86.985077,43000,19.78,false
a48759,1,2026-10-02 16:27:03.63,31.026306,-87.032183,43000,19.94,false
a48759,1,2026-10-02 16:27:23.27,31.037075,-87.078845,43000,19.64,false
a48759,1,2026-10-02 16:27:43.24,31.048062,-87.126196,42975,19.97,false
a48759,1,2026-10-02 16:28:03.21,31.058945,-87.173336,43000,19.97,false
a48759,1,2026-10-02 16:28:23.02,31.069748,-87.220244,43000,19.81,false
a48759,1,2026-10-02 16:28:42.8,31.080551,-87.267097,42975,19.78,false
a48759,1,2026-10-02 16:29:02.57,31.091309,-87.313897,43000,19.77,false
a48759,1,2026-10-02 16:29:22.5,31.102016,-87.360864,43000,19.93,false
a48759,1,2026-10-02 16:29:42.47,31.112816,-87.408105,42975,19.97,false
a48759,1,2026-10-02 16:30:02.44,31.123535,-87.455103,43000,19.97,false
a48759,1,2026-10-02 16:30:22.24,31.134201,-87.501795,43000,19.8,false
a48759,1,2026-10-02 16:30:41.81,31.144657,-87.547852,43000,19.57,false
a48759,1,2026-10-02 16:31:01.7,31.155364,-87.595038,42975,19.89,false
a48759,1,2026-10-02 16:31:21.25,31.165839,-87.641235,43000,19.55,false
a48759,1,2026-10-02 16:31:40.83,31.176224,-87.687163,42975,19.58,false
a48759,1,2026-10-02 16:32:00.53,31.186569,-87.733154,43000,19.7,false
a48759,1,2026-10-02 16:32:20.48,31.197168,-87.780048,43000,19.95,false
a48759,1,2026-10-02 16:32:39.98,31.207317,-87.825201,43000,19.5,false
a48759,1,2026-10-02 16:32:59.63,31.21756,-87.87086,42975,19.65,false
a48759,1,2026-10-02 16:33:19.35,31.227753,-87.916443,43000,19.72,false
a48759,1,2026-10-02 16:33:38.99,31.23793,-87.961928,42975,19.64,false
a48759,1,2026-10-02 16:33:58.79,31.248093,-88.007489,42975,19.8,false
a48759,1,2026-10-02 16:34:18.28,31.258059,-88.052289,43000,19.49,false
a48759,1,2026-10-02 16:34:38.27,31.268254,-88.098157,43000,19.99,false
a48759,1,2026-10-02 16:34:58.04,31.278305,-88.143257,43000,19.77,false
a48759,1,2026-10-02 16:35:17.6,31.288178,-88.18786,42975,19.56,false
a48759,1,2026-10-02 16:35:37.36,31.298218,-88.233301,43000,19.76,false
a48759,1,2026-10-02 16:35:56.97,31.308151,-88.278055,43000,19.61,false
a48759,1,2026-10-02 16:36:16.59,31.317971,-88.322552,43000,19.62,false
a48759,1,2026-10-02 16:36:36.24,31.327835,-88.367507,43000,19.65,false
a48759,1,2026-10-02 16:36:56.21,31.33786,-88.413014,43000,19.97,false
a48759,1,2026-10-02 16:37:15.9,31.347672,-88.457849,42975,19.69,false
a48759,1,2026-10-02 16:37:35.47,31.357401,-88.502344,43000,19.57,false
a48759,1,2026-10-02 16:37:55.4,31.367249,-88.547597,42975,19.93,false
a48759,1,2026-10-02 16:38:14.96,31.376907,-88.591827,43000,19.56,false
a48759,1,2026-10-02 16:38:34.76,31.386749,-88.636995,43000,19.8,false
a48759,1,2026-10-02 16:38:54.48,31.396362,-88.681425,42975,19.72,false
a48759,1,2026-10-02 16:39:14.1,31.406048,-88.72608,43000,19.62,false
a48759,1,2026-10-02 16:39:34,31.415771,-88.771147,43000,19.9,false
a48759,1,2026-10-02 16:39:53.91,31.425554,-88.816278,42975,19.91,false
a48759,1,2026-10-02 16:40:13.82,31.435272,-88.861299,42975,19.91,false
a48759,1,2026-10-02 16:40:33.81,31.444977,-88.906483,43000,19.99,false
a48759,1,2026-10-02 16:40:53.39,31.454498,-88.950752,43000,19.58,false
a48759,1,2026-10-02 16:41:12.99,31.46402,-88.994859,43000,19.6,false
a48759,1,2026-10-02 16:41:32.93,31.473596,-89.03963,43000,19.94,false
a48759,1,2026-10-02 16:41:52.58,31.483046,-89.08374,42975,19.65,false
a48759,1,2026-10-02 16:42:12.1,31.492449,-89.12785,43000,19.52,false
a48759,1,2026-10-02 16:42:32.08,31.501992,-89.172784,43000,19.98,false
a48759,1,2026-10-02 16:42:51.74,31.511349,-89.21673,42975,19.66,false
a48759,1,2026-10-02 16:43:11.6,31.520828,-89.261385,42975,19.86,false
a48759,1,2026-10-02 16:43:31.11,31.530063,-89.305115,43000,19.51,false
a48759,1,2026-10-02 16:43:50.72,31.539374,-89.34906,42975,19.61,false
a48759,1,2026-10-02 16:44:10.41,31.548706,-89.393221,43000,19.69,false
a48759,1,2026-10-02 16:44:30.25,31.558044,-89.437651,43000,19.84,false
a48759,1,2026-10-02 16:44:50.01,31.567429,-89.482242,43000,19.76,false
a48759,1,2026-10-02 16:45:09.58,31.576813,-89.526511,43000,19.57,false
a48759,1,2026-10-02 16:45:29.11,31.586112,-89.570654,43000,19.53,false
a48759,1,2026-10-02 16:45:48.94,31.595423,-89.615643,43000,19.83,false
a48759,1,2026-10-02 16:46:08.83,31.60478,-89.660742,43000,19.89,false
a48759,1,2026-10-02 16:46:28.79,31.614276,-89.70639,43000,19.96,false
a48759,1,2026-10-02 16:46:48.57,31.62368,-89.751654,43000,19.78,false
a48759,1,2026-10-02 16:47:08.25,31.633026,-89.796753,43000,19.68,false
a48759,1,2026-10-02 16:47:27.97,31.642394,-89.841852,43000,19.72,false
a48759,1,2026-10-02 16:47:47.65,31.651749,-89.887067,43000,19.68,false
a48759,1,2026-10-02 16:48:07.57,31.661224,-89.933005,43000,19.92,false
a48759,1,2026-10-02 16:48:27.21,31.670471,-89.978189,43000,19.64,false
a48759,1,2026-10-02 16:48:46.97,31.679855,-90.023858,42975,19.76,false
a48759,1,2026-10-02 16:49:06.71,31.689148,-90.069095,43000,19.74,false
a48759,1,2026-10-02 16:49:26.47,31.698532,-90.114818,43000,19.76,false
a48759,1,2026-10-02 16:49:46.43,31.707962,-90.161079,43000,19.96,false
a48759,1,2026-10-02 16:50:06.25,31.717346,-90.206855,43000,19.82,false
a48759,1,2026-10-02 16:50:25.79,31.72656,-90.252081,42975,19.54,false
a48759,1,2026-10-02 16:50:45.63,31.735931,-90.298246,42975,19.84,false
a48759,1,2026-10-02 16:51:05.16,31.745135,-90.343542,43000,19.53,false
a48759,1,2026-10-02 16:51:25.13,31.754492,-90.390015,42975,19.97,false
a48759,1,2026-10-02 16:51:45.02,31.763855,-90.436222,43000,19.89,false
a48759,1,2026-10-02 16:52:04.5,31.772973,-90.481493,42975,19.48,false
a48759,1,2026-10-02 16:52:24.18,31.782144,-90.527063,43000,19.68,false
a48759,1,2026-10-02 16:52:43.91,31.791361,-90.573083,43000,19.73,false
a48759,1,2026-10-02 16:53:03.67,31.800568,-90.618915,43000,19.76,false
a48759,1,2026-10-02 16:53:23.14,31.809656,-90.66428,43000,19.47,false
a48759,1,2026-10-02 16:53:42.69,31.81878,-90.709907,43000,19.55,false
a48759,1,2026-10-02 16:54:02.51,31.827951,-90.755983,43000,19.82,false
a48759,1,2026-10-02 16:54:22.13,31.837029,-90.80161,42975,19.62,false
a48759,1,2026-10-02 16:54:41.86,31.846069,-90.84743,43000,19.73,false
a48759,1,2026-10-02 16:55:01.66,31.855225,-90.893463,43000,19.8,false
a48759,1,2026-10-02 16:55:21.22,31.864243,-90.939166,42975,19.56,false
a48759,1,2026-10-02 16:55:40.8,31.87326,-90.984814,43000,19.58,false
a48759,1,2026-10-02 16:56:00.68,31.88237,-91.030957,42975,19.88,false
a48759,1,2026-10-02 16:56:20.26,31.891342,-91.076715,43000,19.58,false
a48759,1,2026-10-02 16:56:40.09,31.900406,-91.122913,43000,19.83,false
a48759,1,2026-10-02 16:56:59.71,31.909332,-91.168671,43000,19.62,false
a48759,1,2026-10-02 16:57:19.37,31.918309,-91.214662,42975,19.66,false
a48759,1,2026-10-02 16:57:39.36,31.927387,-91.261354,43000,19.99,false
a48759,1,2026-10-02 16:57:59.11,31.936371,-91.307485,42975,19.75,false
a48759,1,2026-10-02 16:58:18.93,31.945309,-91.353617,42975,19.82,false
a48759,1,2026-10-02 16:58:38.76,31.954147,-91.399384,43000,19.83,false
a48759,1,2026-10-02 16:58:58.67,31.963074,-91.445856,43000,19.91,false
a48759,1,2026-10-02 16:59:18.6,31.971984,-91.492011,43000,19.93,false
a48759,1,2026-10-02 16:59:38.21,31.980789,-91.537701,43000,19.61,false
a48759,1,2026-10-02 16:59:58.09,31.989624,-91.583624,42975,19.88,false
a48759,1,2026-10-02 17:00:17.58,31.998286,-91.628835,43000,19.49,false
a48759,1,2026-10-02 17:00:37.35,32.007084,-91.674742,43000,19.77,false
a48759,1,2026-10-02 17:00:56.96,32.015696,-91.720145,43000,19.61,false
a48759,1,2026-10-02 17:01:16.59,32.024355,-91.765436,43000,19.63,false
a48759,1,2026-10-02 17:01:36.08,32.032974,-91.810547,43000,19.49,false
a48759,1,2026-10-02 17:01:55.68,32.04158,-91.855865,42975,19.6,false
a48759,1,2026-10-02 17:02:15.64,32.050278,-91.902118,43000,19.96,false
a48759,1,2026-10-02 17:02:35.19,32.058838,-91.947437,42975,19.55,false
a48759,1,2026-10-02 17:02:54.9,32.067462,-91.99301,42975,19.71,false
a48759,1,2026-10-02 17:03:14.62,32.076004,-92.038513,42975,19.72,false
a48759,1,2026-10-02 17:03:34.57,32.084564,-92.084271,42975,19.95,false
a48759,1,2026-10-02 17:03:54.29,32.09317,-92.130029,43000,19.72,false
a48759,1,2026-10-02 17:04:13.96,32.101678,-92.175573,43000,19.67,false
a48759,1,2026-10-02 17:04:33.52,32.110151,-92.22092,43000,19.56,false
a48759,1,2026-10-02 17:04:52.97,32.11853,-92.265762,43000,19.45,false
a48759,1,2026-10-02 17:05:12.94,32.127142,-92.312062,42975,19.97,false
a48759,1,2026-10-02 17:05:32.54,32.135568,-92.35752,43000,19.6,false
a48759,1,2026-10-02 17:05:52,32.143855,-92.402531,43000,19.46,false
a48759,1,2026-10-02 17:06:11.97,32.15242,-92.448942,43000,19.97,false
a48759,1,2026-10-02 17:06:31.44,32.160736,-92.494226,42975,19.47,false
a48759,1,2026-10-02 17:06:51.4,32.169226,-92.54042,43000,19.96,false
a48759,1,2026-10-02 17:07:10.96,32.177559,-92.585935,43000,19.56,false
a48759,1,2026-10-02 17:07:30.81,32.186005,-92.632104,42975,19.85,false
a48759,1,2026-10-02 17:07:50.3,32.194244,-92.677203,43000,19.49,false
a48759,1,2026-10-02 17:08:09.88,32.202464,-92.722535,43000,19.58,false
a48759,1,2026-10-02 17:08:28.96,32.210564,-92.767209,43000,19.08,false
a48759,1,2026-10-02 17:08:48.69,32.218918,-92.813104,43000,19.73,false
a48759,1,2026-10-02 17:09:08.38,32.22723,-92.858968,43000,19.69,false
a48759,1,2026-10-02 17:09:27.71,32.235352,-92.903851,42975,19.33,false
a48759,1,2026-10-02 17:09:47.37,32.243616,-92.949661,43000,19.66,false
a48759,1,2026-10-02 17:10:07.32,32.251996,-92.996073,43000,19.95,false
a48759,1,2026-10-02 17:10:26.77,32.260049,-93.041083,42975,19.45,false
a48759,1,2026-10-02 17:10:46.43,32.268196,-93.086598,43000,19.66,false
a48759,1,2026-10-02 17:11:05.92,32.276342,-93.132169,43000,19.49,false
a48759,1,2026-10-02 17:11:25.56,32.284442,-93.177739,42975,19.64,false
a48759,1,2026-10-02 17:11:44.89,32.292435,-93.22251,43000,19.33,false
a48759,1,2026-10-02 17:12:04.88,32.300674,-93.268982,42975,19.99,false
a48759,1,2026-10-02 17:12:24.55,32.308789,-93.314732,43000,19.67,false
a48759,1,2026-10-02 17:12:44.44,32.316936,-93.360695,43000,19.89,false
a48759,1,2026-10-02 17:13:04,32.324943,-93.40621,42975,19.56,false
a48759,1,2026-10-02 17:13:23.96,32.33309,-93.452678,43000,19.96,false
a48759,1,2026-10-02 17:13:43.6,32.34105,-93.498249,42975,19.64,false
a48759,1,2026-10-02 17:14:03.59,32.349197,-93.54466,43000,19.99,false
a48759,1,2026-10-02 17:14:23.42,32.357297,-93.59068,43000,19.83,false
a48759,1,2026-10-02 17:14:43.07,32.365265,-93.63653,43000,19.65,false
a48759,1,2026-10-02 17:15:02.84,32.373264,-93.682438,42975,19.77,false
a48759,1,2026-10-02 17:15:22.67,32.381332,-93.728925,42975,19.83,false
a48759,1,2026-10-02 17:15:42.61,32.389389,-93.775671,43000,19.94,false
a48759,1,2026-10-02 17:16:02.35,32.397378,-93.821841,43000,19.74,false
a48759,1,2026-10-02 17:16:22.18,32.405385,-93.86814,43000,19.83,false
a48759,1,2026-10-02 17:16:41.78,32.41333,-93.914319,42975,19.6,false
a48759,1,2026-10-02 17:17:01.5,32.421259,-93.960403,43000,19.72,false
a48759,1,2026-10-02 17:17:21.13,32.42908,-94.006142,43000,19.63,false
a48759,1,2026-10-02 17:17:40.87,32.436901,-94.052049,42975,19.74,false
a48759,1,2026-10-02 17:18:00.68,32.444641,-94.097571,43000,19.81,false
a48759,1,2026-10-02 17:18:20.37,32.452356,-94.142799,43000,19.69,false
a48759,1,2026-10-02 17:18:40.06,32.459976,-94.187878,42975,19.69,false
a48759,1,2026-10-02 17:18:59.68,32.467575,-94.232593,42975,19.62,false
a48759,1,2026-10-02 17:19:19.54,32.475214,-94.27783,43000,19.86,false
a48759,1,2026-10-02 17:19:39.37,32.482755,-94.322728,43000,19.83,false
a48759,1,2026-10-02 17:19:58.8,32.490143,-94.366681,43000,19.43,false
a48759,1,2026-10-02 17:20:18.52,32.497559,-94.411067,42975,19.72,false
a48759,1,2026-10-02 17:20:38.33,32.50496,-94.455517,43000,19.81,false
a48759,1,2026-10-02 17:20:58.25,32.512436,-94.500055,42975,19.92,false
a48759,1,2026-10-02 17:21:18.08,32.519806,-94.544275,42975,19.83,false
a48759,1,2026-10-02 17:21:37.88,32.52713,-94.58833,42975,19.8,false
a48759,1,2026-10-02 17:21:57.57,32.534409,-94.632275,43000,19.69,false
a48759,1,2026-10-02 17:22:17.41,32.541687,-94.676056,42975,19.84,false
a48759,1,2026-10-02 17:22:37.37,32.548965,-94.720276,43000,19.96,false
a48759,1,2026-10-02 17:22:57.01,32.556061,-94.763397,42975,19.64,false
a48759,1,2026-10-02 17:23:16.89,32.563244,-94.807135,42975,19.88,false
a48759,1,2026-10-02 17:23:36.46,32.570297,-94.849915,43000,19.57,false
a48759,1,2026-10-02 17:23:56.45,32.577438,-94.893805,42975,19.99,false
a48759,1,2026-10-02 17:24:15.9,32.584425,-94.936505,43000,19.45,false
a48759,1,2026-10-02 17:24:35.86,32.591492,-94.979883,43000,19.96,false
a48759,1,2026-10-02 17:24:55.61,32.598495,-95.023059,42975,19.75,false
a48759,1,2026-10-02 17:25:15.27,32.605467,-95.065986,43000,19.66,false
a48759,1,2026-10-02 17:25:35.2,32.612457,-95.109192,43000,19.93,false
a48759,1,2026-10-02 17:25:54.88,32.619339,-95.151859,42975,19.68,false
a48759,1,2026-10-02 17:26:14.76,32.626282,-95.194885,42975,19.88,false
a48759,1,2026-10-02 17:26:34.57,32.633148,-95.237512,42975,19.81,false
a48759,1,2026-10-02 17:26:54.39,32.640015,-95.280139,42975,19.82,false
a48759,1,2026-10-02 17:27:14.2,32.646759,-95.322484,42975,19.81,false
a48759,1,2026-10-02 17:27:34.15,32.653602,-95.36542,43000,19.95,false
a48759,1,2026-10-02 17:27:54.1,32.660445,-95.4083,43000,19.95,false
a48759,1,2026-10-02 17:28:13.92,32.667195,-95.450732,43000,19.82,false
a48759,1,2026-10-02 17:28:33.61,32.673843,-95.492999,42975,19.69,false
a48759,1,2026-10-02 17:28:53.36,32.680555,-95.535204,43000,19.75,false
a48759,1,2026-10-02 17:29:12.88,32.687212,-95.577411,43000,19.52,false
a48759,1,2026-10-02 17:29:32.46,32.693848,-95.619727,43000,19.58,false
a48759,1,2026-10-02 17:29:52.34,32.700666,-95.663116,43000,19.88,false
a48759,1,2026-10-02 17:30:11.92,32.70737,-95.706164,43000,19.58,false
a48759,1,2026-10-02 17:30:31.52,32.714166,-95.749325,43000,19.6,false
a48759,1,2026-10-02 17:30:51.52,32.721056,-95.793719,42975,20.0,false
a48759,1,2026-10-02 17:31:11.36,32.727946,-95.837776,43000,19.84,false
a48759,1,2026-10-02 17:31:30.95,32.734742,-95.881609,42975,19.59,false
a48759,1,2026-10-02 17:31:50.71,32.741585,-95.925947,42975,19.76,false
a48759,1,2026-10-02 17:32:10.61,32.748505,-95.970575,43000,19.9,false
a48759,1,2026-10-02 17:32:30.27,32.75528,-96.014575,42975,19.66,false
a48759,1,2026-10-02 17:32:50.21,32.762192,-96.059564,43000,19.94,false
a48759,1,2026-10-02 17:33:09.91,32.768967,-96.103729,43000,19.7,false
a48759,1,2026-10-02 17:33:29.45,32.775755,-96.148196,43000,19.54,false
a48759,1,2026-10-02 17:33:49.17,32.782551,-96.192534,42975,19.72,false
a48759,1,2026-10-02 17:34:09.11,32.789441,-96.237824,42975,19.94,false
a48759,1,2026-10-02 17:34:28.8,32.796204,-96.282477,43000,19.69,false
a48759,1,2026-10-02 17:34:48.41,32.802933,-96.326971,42975,19.61,false
a48759,1,2026-10-02 17:35:08.1,32.809738,-96.371734,43000,19.69,false
a48759,1,2026-10-02 17:35:27.69,32.816441,-96.416352,42975,19.59,false
a48759,1,2026-10-02 17:35:47.4,32.823166,-96.461224,43000,19.71,false
a48759,1,2026-10-02 17:36:07.32,32.829988,-96.506653,42975,19.92,false
a48759,1,2026-10-02 17:36:27.13,32.836738,-96.551887,43000,19.81,false
a48759,1,2026-10-02 17:36:46.71,32.843442,-96.596617,43000,19.58,false
a48759,1,2026-10-02 17:37:06.28,32.850099,-96.641347,42975,19.57,false
a48759,1,2026-10-02 17:37:26.19,32.856812,-96.686719,42975,19.91,false
a48759,1,2026-10-02 17:37:45.97,32.863449,-96.731543,43000,19.78,false
a48759,1,2026-10-02 17:38:05.32,32.869883,-96.775089,43000,19.35,false
a48759,1,2026-10-02 17:38:24.96,32.876401,-96.819259,43000,19.64,false
a48759,1,2026-10-02 17:38:44.84,32.882996,-96.864093,42975,19.88,false
a48759,1,2026-10-02 17:39:04.58,32.889496,-96.908588,43000,19.74,false
a48759,1,2026-10-02 17:39:24.57,32.896042,-96.953412,42975,19.99,false
a48759,1,2026-10-02 17:39:44.17,32.902451,-96.997357,43000,19.6,false
a48759,1,2026-10-02 17:40:04.05,32.908859,-97.041632,42975,19.88,false
a48759,1,2026-10-02 17:40:23.69,32.915272,-97.085733,43000,19.64,false
a48759,1,2026-10-02 17:40:43.28,32.921649,-97.129566,42975,19.59,false
a48759,1,2026-10-02 17:41:02.88,32.927981,-97.173344,43000,19.6,false
a48759,1,2026-10-02 17:41:22.76,32.934357,-97.217798,42975,19.88,false
a48759,1,2026-10-02 17:41:42.32,32.940596,-97.261402,42975,19.56,false
a48759,1,2026-10-02 17:42:01.86,32.946881,-97.305348,43000,19.54,false
a48759,1,2026-10-02 17:42:21.75,32.953212,-97.349797,42975,19.89,false
a48759,1,2026-10-02 17:42:41.59,32.959625,-97.394513,43000,19.84,false
a48759,1,2026-10-02 17:43:01.22,32.965897,-97.438568,43000,19.63,false
a48759,1,2026-10-02 17:43:21.14,32.972252,-97.483427,43000,19.92,false
a48759,1,2026-10-02 17:43:40.77,32.978397,-97.527653,42975,19.63,false
a48759,1,2026-10-02 17:44:00.44,32.984665,-97.572162,43000,19.67,false
a48759,1,2026-10-02 17:44:20.21,32.991028,-97.616931,43000,19.77,false
a48759,1,2026-10-02 17:44:40.14,32.997343,-97.661955,42975,19.93,false
a48759,1,2026-10-02 17:44:59.98,33.003581,-97.706741,43000,19.84,false
a48759,1,2026-10-02 17:45:19.86,33.009888,-97.751788,42975,19.88,false
a48759,1,2026-10-02 17:45:39.67,33.016151,-97.796874,43000,19.81,false
a48759,1,2026-10-02 17:45:59.35,33.022295,-97.841267,42975,19.68,false
a48759,1,2026-10-02 17:46:19.29,33.02858,-97.886502,43000,19.94,false
a48759,1,2026-10-02 17:46:39.24,33.034818,-97.931793,43000,19.95,false
a48759,1,2026-10-02 17:46:59.24,33.04097,-97.976843,43000,20.0,false
a48759,1,2026-10-02 17:47:18.92,33.047108,-98.021477,43000,19.68,false
a48759,1,2026-10-02 17:47:38.75,33.053253,-98.066375,43000,19.83,false
a48759,1,2026-10-02 17:47:58.41,33.059326,-98.111096,43000,19.66,false
a48759,1,2026-10-02 17:48:17.96,33.065403,-98.155387,42975,19.55,false
a48759,1,2026-10-02 17:48:37.56,33.071408,-98.200061,42975,19.6,false
a48759,1,2026-10-02 17:48:57.22,33.07746,-98.244735,43000,19.66,false
a48759,1,2026-10-02 17:49:17.08,33.083651,-98.290474,42975,19.86,false
a48759,1,2026-10-02 17:49:36.9,33.08975,-98.335764,43000,19.82,false
a48759,1,2026-10-02 17:49:56.67,33.095848,-98.381111,43000,19.77,false
a48759,1,2026-10-02 17:50:16.35,33.101853,-98.426009,42975,19.68,false
a48759,1,2026-10-02 17:50:35.97,33.107812,-98.470907,43000,19.62,false
a48759,1,2026-10-02 17:50:55.88,33.11391,-98.516759,43000,19.91,false
a48759,1,2026-10-02 17:51:15.48,33.119869,-98.561713,42975,19.6,false
a48759,1,2026-10-02 17:51:35.06,33.125793,-98.606415,43000,19.58,false
a48759,1,2026-10-02 17:51:54.81,33.13179,-98.651843,42975,19.75,false
a48759,1,2026-10-02 17:52:14.7,33.137838,-98.697585,42975,19.89,false
a48759,1,2026-10-02 17:52:34.66,33.143829,-98.743359,43000,19.96,false
a48759,1,2026-10-02 17:52:54.52,33.149802,-98.789287,42975,19.86,false
a48759,1,2026-10-02 17:53:14.51,33.155807,-98.835362,43000,19.99,false
a48759,1,2026-10-02 17:53:34.17,33.161719,-98.880653,43000,19.66,false
a48759,1,2026-10-02 17:53:53.9,33.167633,-98.926282,42975,19.73,false
a48759,1,2026-10-02 17:54:13.76,33.17359,-98.972355,43000,19.86,false
a48759,1,2026-10-02 17:54:33.57,33.179502,-99.018206,42975,19.81,false
a48759,1,2026-10-02 17:54:53.43,33.185394,-99.064325,43000,19.86,false
a48759,1,2026-10-02 17:55:13.18,33.191233,-99.109964,43000,19.75,false
a48759,1,2026-10-02 17:55:33.14,33.197146,-99.15632,42950,19.96,false
a48759,1,2026-10-02 17:55:52.78,33.202918,-99.201722,43000,19.64,false
a48759,1,2026-10-02 17:56:12.78,33.208832,-99.248236,42975,20.0,false
a48759,1,2026-10-02 17:56:32.54,33.214603,-99.293929,43000,19.76,false
a48759,1,2026-10-02 17:56:52.06,33.220329,-99.339332,43000,19.52,false
a48759,1,2026-10-02 17:57:11.83,33.226089,-99.385071,42975,19.77,false
a48759,1,2026-10-02 17:57:31.42,33.231766,-99.430444,43000,19.59,false
a48759,1,2026-10-02 17:57:51.05,33.237442,-99.475873,42975,19.63,false
a48759,1,2026-10-02 17:58:10.8,33.243164,-99.521741,43000,19.75,false
a48759,1,2026-10-02 17:58:30.73,33.248912,-99.567915,42975,19.93,false
a48759,1,2026-10-02 17:58:50.54,33.254591,-99.613766,43000,19.81,false
a48759,1,2026-10-02 17:59:10.15,33.260177,-99.659225,42975,19.61,false
a48759,1,2026-10-02 17:59:29.71,33.265764,-99.704571,43000,19.56,false
a48759,1,2026-10-02 17:59:49.6,33.271396,-99.750478,42975,19.89,false
a48759,1,2026-10-02 18:00:09.38,33.276983,-99.796385,43000,19.78,false
a48759,1,2026-10-02 18:00:29.2,33.282616,-99.842293,42975,19.82,false
a48759,1,2026-10-02 18:00:48.79,33.288155,-99.887807,43000,19.59,false
a48759,1,2026-10-02 18:01:08.73,33.293742,-99.934219,42975,19.94,false
a48759,1,2026-10-02 18:01:28.26,33.299281,-99.979734,43000,19.53,false
a48759,1,2026-10-02 18:01:48.14,33.304821,-100.025697,42975,19.88,false
a48759,1,2026-10-02 18:02:07.67,33.310226,-100.071002,43000,19.53,false
a48759,1,2026-10-02 18:02:27.25,33.315674,-100.116595,42975,19.58,false
a48759,1,2026-10-02 18:02:46.78,33.321121,-100.162134,43000,19.53,false
a48759,1,2026-10-02 18:03:06.46,33.326523,-100.207782,42975,19.68,false
a48759,1,2026-10-02 18:03:26.02,33.331914,-100.253271,43000,19.56,false
a48759,1,2026-10-02 18:03:45.81,33.337361,-100.299514,42975,19.79,false
a48759,1,2026-10-02 18:04:05.74,33.342901,-100.346206,43000,19.93,false
a48759,1,2026-10-02 18:04:25.36,33.348301,-100.392057,43000,19.62,false
a48759,1,2026-10-02 18:04:45.36,33.353714,-100.438605,43000,20.0,false
a48759,1,2026-10-02 18:05:05.27,33.359161,-100.485406,43000,19.91,false
a48759,1,2026-10-02 18:05:25.24,33.364609,-100.532208,42975,19.97,false
a48759,1,2026-10-02 18:05:44.83,33.369965,-100.578076,43000,19.59,false
a48759,1,2026-10-02 18:06:04.76,33.375301,-100.624676,43000,19.93,false
a48759,1,2026-10-02 18:06:24.55,33.380608,-100.671032,42975,19.79,false
a48759,1,2026-10-02 18:06:44.26,33.385915,-100.717499,42975,19.71,false
a48759,1,2026-10-02 18:07:03.91,33.391159,-100.763251,43000,19.65,false
a48759,1,2026-10-02 18:07:23.5,33.396436,-100.809594,42975,19.59,false
a48759,1,2026-10-02 18:07:43.31,33.401696,-100.856174,43000,19.81,false
a48759,1,2026-10-02 18:08:03.06,33.407003,-100.90281,43000,19.75,false
a48759,1,2026-10-02 18:08:23.05,33.412308,-100.949799,43000,19.99,false
a48759,1,2026-10-02 18:08:42.82,33.417572,-100.9966,43000,19.77,false
a48759,1,2026-10-02 18:09:02.29,33.422699,-101.042523,43000,19.47,false
a48759,1,2026-10-02 18:09:22.18,33.427952,-101.089577,43000,19.89,false
a48759,1,2026-10-02 18:09:41.97,33.433136,-101.136237,43000,19.79,false
a48759,1,2026-10-02 18:10:01.49,33.438263,-101.182764,42975,19.52,false
a48759,1,2026-10-02 18:10:21.42,33.443527,-101.230225,43000,19.93,false
a48759,1,2026-10-02 18:10:41.07,33.448654,-101.276807,43000,19.65,false
a48759,1,2026-10-02 18:11:00.71,33.453788,-101.323653,43000,19.64,false
a48759,1,2026-10-02 18:11:20.71,33.458954,-101.370959,43000,20.0,false
a48759,1,2026-10-02 18:11:40.63,33.464076,-101.418326,43000,19.92,false
a48759,1,2026-10-02 18:12:00.47,33.469208,-101.465662,43000,19.84,false
a48759,1,2026-10-02 18:12:20.32,33.474364,-101.512999,43000,19.85,false
a48759,1,2026-10-02 18:12:39.73,33.479299,-101.559187,43000,19.41,false
a48759,1,2026-10-02 18:12:59.53,33.484314,-101.606067,43000,19.8,false
a48759,1,2026-10-02 18:13:19.4,33.489395,-101.653638,43000,19.87,false
a48759,1,2026-10-02 18:13:39.01,33.494385,-101.700275,43000,19.61,false
a48759,1,2026-10-02 18:13:58.63,33.499329,-101.746912,42975,19.62,false
a48759,1,2026-10-02 18:14:18.61,33.504364,-101.794482,43000,19.98,false
a48759,1,2026-10-02 18:14:38,33.509216,-101.840625,43000,19.39,false
a48759,1,2026-10-02 18:14:57.7,33.514114,-101.887262,43000,19.7,false
a48759,1,2026-10-02 18:15:17.68,33.519058,-101.934888,43000,19.98,false
a48759,1,2026-10-02 18:15:37.65,33.524035,-101.982328,43000,19.97,false
a48759,1,2026-10-02 18:15:57.35,33.528923,-102.029525,43000,19.7,false
a48759,1,2026-10-02 18:16:17.13,33.533811,-102.076777,43000,19.78,false
a48759,1,2026-10-02 18:16:36.79,33.538651,-102.123798,43000,19.66,false
a48759,1,2026-10-02 18:16:56.45,33.543401,-102.170334,43000,19.66,false
a48759,1,2026-10-02 18:17:16.1,33.548218,-102.217413,43000,19.65,false
a48759,1,2026-10-02 18:17:35.75,33.553037,-102.264462,43000,19.65,false
a48759,1,2026-10-02 18:17:55.67,33.557831,-102.311974,43000,19.92,false
a48759,1,2026-10-02 18:18:15.59,33.562627,-102.359505,43000,19.92,false
a48759,1,2026-10-02 18:18:35.38,33.567422,-102.406769,43000,19.79,false
a48759,1,2026-10-02 18:18:55.05,33.572113,-102.453844,43000,19.67,false
a48759,1,2026-10-02 18:19:14.71,33.576782,-102.500648,43000,19.66,false
a48759,1,2026-10-02 18:19:31.43,33.580829,-102.54055,43000,16.72,false
a48759,1,2026-10-02 18:19:38.34,33.583145,-102.556981,43000,6.91,false
a48759,1,2026-10-02 18:19:44.27,33.5858,-102.571106,42975,5.93,false
a48759,1,2026-10-02 18:19:51.57,33.589691,-102.587922,42975,7.3,false
a48759,1,2026-10-02 18:20:09.75,33.60066,-102.630386,43000,18.18,false
a48759,1,2026-10-02 18:20:29.52,33.612717,-102.67622,43000,19.77,false
a48759,1,2026-10-02 18:20:49.07,33.624664,-102.721327,43000,19.55,false
a48759,1,2026-10-02 18:21:08.96,33.636832,-102.767429,42975,19.89,false
a48759,1,2026-10-02 18:21:28.79,33.648935,-102.81332,43000,19.83,false
a48759,1,2026-10-02 18:21:48.64,33.661102,-102.859385,43000,19.85,false
a48759,1,2026-10-02 18:22:08.39,33.673096,-102.905045,42975,19.75,false
a48759,1,2026-10-02 18:22:28.19,33.685226,-102.951143,43000,19.8,false
a48759,1,2026-10-02 18:22:47.85,33.697174,-102.996546,42975,19.66,false
a48759,1,2026-10-02 18:23:07.71,33.709213,-103.042397,43000,19.86,false
a48759,1,2026-10-02 18:23:27.37,33.721138,-103.088093,43000,19.66,false
a48759,1,2026-10-02 18:23:47.04,33.733055,-103.133583,43000,19.67,false
a48759,1,2026-10-02 18:24:07.02,33.745159,-103.179989,42975,19.98,false
a48759,1,2026-10-02 18:24:26.85,33.757233,-103.226194,43000,19.83,false
a48759,1,2026-10-02 18:24:46.5,33.769133,-103.271942,42975,19.65,false
a48759,1,2026-10-02 18:25:05.54,33.780585,-103.316002,43000,19.04,false
a48759,1,2026-10-02 18:25:24.54,33.79199,-103.360119,42975,19.0,false
a48759,1,2026-10-02 18:25:44.28,33.803833,-103.405843,43000,19.74,false
a48759,1,2026-10-02 18:26:03.68,33.815506,-103.450965,42975,19.4,false
a48759,1,2026-10-02 18:26:23.12,33.827179,-103.496144,43000,19.44,false
a48759,1,2026-10-02 18:26:42.34,33.838635,-103.540649,43000,19.22,false
a48759,1,2026-10-02 18:27:01.52,33.85018,-103.585396,43000,19.18,false
a48759,1,2026-10-02 18:27:21.39,33.862106,-103.631791,42975,19.87,false
a48759,1,2026-10-02 18:27:40.97,33.873876,-103.677807,43000,19.58,false
a48759,1,2026-10-02 18:28:00.6,33.88556,-103.723583,42975,19.63,false
a48759,1,2026-10-02 18:28:20.49,33.897524,-103.770275,43000,19.89,false
a48759,1,2026-10-02 18:28:40.46,33.909302,-103.816509,43000,19.97,false
a48759,1,2026-10-02 18:28:59.74,33.920792,-103.861607,43000,19.28,false
a48759,1,2026-10-02 18:29:19.36,33.932419,-103.907458,43000,19.62,false
a48759,1,2026-10-02 18:29:39.32,33.944356,-103.954411,43000,19.96,false
a48759,1,2026-10-02 18:29:58.89,33.955902,-104.000057,43000,19.57,false
a48759,1,2026-10-02 18:30:17.99,33.967163,-104.044563,43000,19.1,false
a48759,1,2026-10-02 18:30:37.76,33.978882,-104.090975,43000,19.77,false
a48759,1,2026-10-02 18:30:56.79,33.990163,-104.135857,43000,19.03,false
a48759,1,2026-10-02 18:31:12.82,33.999613,-104.17345,43000,16.03,false
a48759,1,2026-10-02 18:31:32.8,34.011437,-104.220486,43000,19.98,false
a48759,1,2026-10-02 18:31:50.99,34.022191,-104.263287,43000,18.19,false
a48759,1,2026-10-02 18:32:16.97,34.03746,-104.324455,43000,25.98,true
a48759,1,2026-10-02 18:35:48.25,34.160498,-104.821415,43000,211.28,true
a48759,1,2026-10-02 18:36:04.61,34.169855,-104.859638,43000,16.36,false
a48759,1,2026-10-02 18:37:33.2,34.219803,-105.064666,42975,88.59,true
a48759,1,2026-10-02 18:37:36.91,34.221993,-105.0737,42975,3.71,false
a48759,1,2026-10-02 18:37:46.76,34.227486,-105.096302,43000,9.85,false
a48759,1,2026-10-02 18:38:06.43,34.238473,-105.141449,43000,19.67,false
a48759,1,2026-10-02 18:38:16.2,34.243919,-105.164051,42975,9.77,false
a48759,1,2026-10-02 18:38:35.65,34.254776,-105.208946,43000,19.45,true
a48759,1,2026-10-02 18:38:55.46,34.265762,-105.254461,43000,19.81,false
a48759,1,2026-10-02 18:39:14.96,34.276611,-105.299527,42975,19.5,false
a48759,1,2026-10-02 18:39:34.52,34.287399,-105.344353,43000,19.56,false
a48759,1,2026-10-02 18:39:53.88,34.297989,-105.388595,42975,19.36,false
a48759,1,2026-10-02 18:40:13.52,34.308792,-105.433549,42975,19.64,false
a48759,1,2026-10-02 18:40:33.16,34.319567,-105.478706,43000,19.64,false
a48759,1,2026-10-02 18:40:53.02,34.33049,-105.524298,43000,19.86,false
a48759,1,2026-10-02 18:41:12.98,34.341307,-105.569859,42975,19.96,false
a48759,1,2026-10-02 18:41:32.75,34.352142,-105.61544,43000,19.77,false
a48759,1,2026-10-02 18:41:52.71,34.363,-105.661068,43000,19.96,false
a48759,1,2026-10-02 18:42:01.5,34.367515,-105.681381,43000,8.79,false
a48759,1,2026-10-02 18:42:13.4,34.372729,-105.708904,42975,11.9,false
a48759,1,2026-10-02 18:42:33.29,34.38121,-105.755572,43000,19.89,false
a48759,1,2026-10-02 18:42:53.15,34.389907,-105.802402,43000,19.86,false
a48759,1,2026-10-02 18:43:12.7,34.39856,-105.848507,42975,19.55,false
a48759,1,2026-10-02 18:43:32.19,34.407271,-105.894756,43000,19.49,false
a48759,1,2026-10-02 18:43:52.18,34.416163,-105.942478,43000,19.99,false
a48759,1,2026-10-02 18:44:12.02,34.425007,-105.989914,43000,19.84,false
a48759,1,2026-10-02 18:44:31.55,34.433759,-106.037064,43000,19.53,false
a48759,1,2026-10-02 18:44:51.4,34.442642,-106.085105,43000,19.85,false
a48759,1,2026-10-02 18:45:11.27,34.451496,-106.133194,43000,19.87,false
a48759,1,2026-10-02 18:45:31.25,34.460358,-106.181348,43000,19.98,false
a48759,1,2026-10-02 18:45:51.21,34.469238,-106.229721,43000,19.96,false
a48759,1,2026-10-02 18:46:10.73,34.477798,-106.276817,43000,19.52,false
a48759,1,2026-10-02 18:46:30.53,34.486503,-106.324482,43000,19.8,false
a48759,1,2026-10-02 18:46:50.13,34.495069,-106.371517,42975,19.6,false
a48759,1,2026-10-02 18:47:10.07,34.503662,-106.419179,43000,19.94,false
a48759,1,2026-10-02 18:47:30.05,34.512314,-106.466936,42975,19.98,false
a48759,1,2026-10-02 18:47:49.75,34.520765,-106.513824,42975,19.7,false
a48759,1,2026-10-02 18:48:09.46,34.529205,-106.5606,43000,19.71,false
a48759,1,2026-10-02 18:48:29.2,34.537628,-106.607517,42975,19.74,false
a48759,1,2026-10-02 18:48:48.84,34.545914,-106.653928,42975,19.64,false
a48759,1,2026-10-02 18:49:08.5,34.554199,-106.700228,42975,19.66,false
a48759,1,2026-10-02 18:49:28.05,34.562439,-106.746415,43000,19.55,false
a48759,1,2026-10-02 18:49:47.9,34.570763,-106.793232,42975,19.85,false
a48759,1,2026-10-02 18:50:07.56,34.578956,-106.839294,43000,19.66,false
a48759,1,2026-10-02 18:50:27.43,34.587204,-106.885874,42975,19.87,false
a48759,1,2026-10-02 18:50:47.37,34.595389,-106.932049,43000,19.94,false
a48759,1,2026-10-02 18:51:07.28,34.603489,-106.978168,42975,19.91,false
a48759,1,2026-10-02 18:51:26.91,34.611356,-107.023029,42975,19.63,false
a48759,1,2026-10-02 18:51:46.71,34.619316,-107.068062,42975,19.8,false
a48759,1,2026-10-02 18:52:06.52,34.62723,-107.112808,42975,19.81,false
a48759,1,2026-10-02 18:52:26.31,34.635005,-107.157383,43000,19.79,false
a48759,1,2026-10-02 18:52:46.25,34.642776,-107.201899,43000,19.94,false
a48759,1,2026-10-02 18:53:06.06,34.650467,-107.246013,42975,19.81,false
a48759,1,2026-10-02 18:53:25.78,34.658048,-107.289734,43000,19.72,false
a48759,1,2026-10-02 18:53:45.22,34.665482,-107.332951,43000,19.44,false
a48759,1,2026-10-02 18:54:05.12,34.673131,-107.376938,43000,19.9,false
a48759,1,2026-10-02 18:54:24.94,34.680672,-107.420769,43000,19.82,false
a48759,1,2026-10-02 18:54:44.87,34.688232,-107.464843,43000,19.93,false
a48759,1,2026-10-02 18:55:04.82,34.695831,-107.509236,42975,19.95,false
a48759,1,2026-10-02 18:55:24.79,34.703436,-107.553577,43000,19.97,false
a48759,1,2026-10-02 18:55:44.59,34.711071,-107.598267,43000,19.8,false
a48759,1,2026-10-02 18:56:04.32,34.718799,-107.643642,43000,19.73,false
a48759,1,2026-10-02 18:56:24.18,34.726619,-107.68959,43000,19.86,false
a48759,1,2026-10-02 18:56:43.84,34.734467,-107.735857,43000,19.66,false
a48759,1,2026-10-02 18:57:03.58,34.742401,-107.782631,43000,19.74,false
a48759,1,2026-10-02 18:57:23.23,34.750351,-107.829802,43000,19.65,false
a48759,1,2026-10-02 18:57:42.36,34.758089,-107.875614,43000,19.13,false
a48759,1,2026-10-02 18:58:02.26,34.766098,-107.923297,43000,19.9,false
a48759,1,2026-10-02 18:58:22.15,34.774017,-107.970774,43000,19.89,false
a48759,1,2026-10-02 18:58:41.99,34.782017,-108.018436,43000,19.84,false
a48759,1,2026-10-02 18:59:01.88,34.789948,-108.066064,43000,19.89,false
a48759,1,2026-10-02 18:59:21.4,34.797658,-108.112564,43000,19.52,false
a48759,1,2026-10-02 18:59:40.49,34.805191,-108.15799,42975,19.09,false
a48759,1,2026-10-02 19:00:00.18,34.812927,-108.204746,43000,19.69,false
a48759,1,2026-10-02 19:00:19.29,34.820329,-108.249722,43000,19.11,false
a48759,1,2026-10-02 19:00:39.23,34.828103,-108.296928,43000,19.94,false
a48759,1,2026-10-02 19:00:58.48,34.835541,-108.342403,43000,19.25,false
a48759,1,2026-10-02 19:01:18.33,34.84314,-108.38871,42975,19.85,false
a48759,1,2026-10-02 19:01:38.2,34.850821,-108.435631,43000,19.87,false
a48759,1,2026-10-02 19:01:58.03,34.858362,-108.481979,43000,19.83,false
a48759,1,2026-10-02 19:02:17.58,34.865811,-108.527813,43000,19.55,false
a48759,1,2026-10-02 19:02:37.21,34.873212,-108.573532,43000,19.63,false
a48759,1,2026-10-02 19:02:56.68,34.880585,-108.618911,42975,19.47,false
a48759,1,2026-10-02 19:03:15.93,34.88783,-108.663826,43000,19.25,false
a48759,1,2026-10-02 19:03:35.73,34.895232,-108.709831,43000,19.8,false
a48759,1,2026-10-02 19:03:55.28,34.902512,-108.755063,42975,19.55,false
a48759,1,2026-10-02 19:04:14.94,34.909744,-108.800522,42975,19.66,false
a48759,1,2026-10-02 19:04:34.49,34.917023,-108.845869,43000,19.55,false
a48759,1,2026-10-02 19:04:54.02,34.924255,-108.891159,43000,19.53,false
a48759,1,2026-10-02 19:05:13.79,34.931449,-108.936653,43000,19.77,false
a48759,1,2026-10-02 19:05:33.38,34.938618,-108.981915,43000,19.59,false
a48759,1,2026-10-02 19:05:53.16,34.945834,-109.027576,43000,19.78,false
a48759,1,2026-10-02 19:06:12.74,34.953003,-109.072723,42975,19.58,false
a48759,1,2026-10-02 19:06:32.39,34.960079,-109.117928,42975,19.65,false
a48759,1,2026-10-02 19:06:47.69,34.965758,-109.153347,43000,15.3,false
a48759,1,2026-10-02 19:06:57.66,34.970123,-109.175907,42975,9.97,false
a48759,1,2026-10-02 19:07:17.38,34.979351,-109.220581,42975,19.72,false
a48759,1,2026-10-02 19:07:37.28,34.98848,-109.26576,43000,19.9,false
a48759,1,2026-10-02 19:07:56.94,34.997367,-109.310474,42975,19.66,false
a48759,1,2026-10-02 19:08:16.81,35.006195,-109.35522,43000,19.87,false
a48759,1,2026-10-02 19:08:36.76,35.015197,-109.400768,43000,19.95,false
a48759,1,2026-10-02 19:08:56.49,35.024002,-109.445408,42975,19.73,false
a48759,1,2026-10-02 19:09:16.48,35.032974,-109.490643,43000,19.99,false
a48759,1,2026-10-02 19:09:36.23,35.041809,-109.535429,43000,19.75,false
a48759,1,2026-10-02 19:09:55.99,35.050576,-109.579983,42975,19.76,false
a48759,1,2026-10-02 19:10:15.56,35.059282,-109.624271,43000,19.57,false
a48759,1,2026-10-02 19:10:35.41,35.067947,-109.669339,42975,19.85,false
a48759,1,2026-10-02 19:10:55.14,35.076273,-109.713993,43000,19.73,false
a48759,1,2026-10-02 19:11:14.99,35.084653,-109.758854,43000,19.85,false
a48759,1,2026-10-02 19:11:34.82,35.093032,-109.803715,43000,19.83,false
a48759,1,2026-10-02 19:11:54.6,35.101365,-109.848633,42975,19.78,false
a48759,1,2026-10-02 19:12:14.58,35.109791,-109.894123,42975,19.98,false
a48759,1,2026-10-02 19:12:34.27,35.118073,-109.938952,42975,19.69,false
a48759,1,2026-10-02 19:12:53.79,35.12627,-109.98333,43000,19.52,false
a48759,1,2026-10-02 19:13:13.52,35.134557,-110.028419,43000,19.73,false
a48759,1,2026-10-02 19:13:33.52,35.142983,-110.074024,42975,20.0,false
a48759,1,2026-10-02 19:13:53.44,35.151306,-110.11961,43000,19.92,false
a48759,1,2026-10-02 19:14:13.12,35.159602,-110.164833,43000,19.68,false
a48759,1,2026-10-02 19:14:32.86,35.167831,-110.210191,43000,19.74,false
a48759,1,2026-10-02 19:14:52.47,35.176035,-110.255241,42975,19.61,false
a48759,1,2026-10-02 19:15:12.32,35.184414,-110.301476,42975,19.85,false
a48759,1,2026-10-02 19:15:31.92,35.192607,-110.346794,43000,19.6,false
a48759,1,2026-10-02 19:15:48.4,35.199497,-110.384846,42750,16.48,false
a48759,1,2026-10-02 19:16:04.18,35.206154,-110.421753,42475,15.78,false
a48759,1,2026-10-02 19:16:20.26,35.212921,-110.459402,42200,16.08,false
a48759,1,2026-10-02 19:16:36.67,35.219833,-110.497686,41925,16.41,false
a48759,1,2026-10-02 19:16:52.15,35.226151,-110.533055,41650,15.48,false
a48759,1,2026-10-02 19:17:07.36,35.232239,-110.567207,41375,15.21,false
a48759,1,2026-10-02 19:17:23.44,35.238647,-110.603027,41125,16.08,false
a48759,1,2026-10-02 19:17:39.6,35.244932,-110.638694,40850,16.16,false
a48759,1,2026-10-02 19:17:54.76,35.250658,-110.671244,40575,15.16,false
a48759,1,2026-10-02 19:18:11.2,35.25705,-110.707226,40300,16.44,false
a48759,1,2026-10-02 19:18:29.26,35.264145,-110.74688,40075,18.06,false
a48759,1,2026-10-02 19:18:48.64,35.271744,-110.789909,39950,19.38,false
a48759,1,2026-10-02 19:19:08.3,35.279427,-110.833292,40000,19.66,false
a48759,1,2026-10-02 19:19:28.19,35.287108,-110.876887,39975,19.89,false
a48759,1,2026-10-02 19:19:48.14,35.294883,-110.921124,40000,19.95,false
a48759,1,2026-10-02 19:20:08.06,35.302734,-110.965805,40000,19.92,false
a48759,1,2026-10-02 19:20:27.87,35.310617,-111.010768,40000,19.81,false
a48759,1,2026-10-02 19:20:47.62,35.318665,-111.0569,40000,19.75,false
a48759,1,2026-10-02 19:21:07.23,35.32663,-111.102734,40000,19.61,false
a48759,1,2026-10-02 19:21:26.99,35.334638,-111.148974,40000,19.76,false
a48759,1,2026-10-02 19:21:44.09,35.341553,-111.188736,39875,17.1,false
a48759,1,2026-10-02 19:21:56.46,35.346451,-111.217003,39525,12.37,false
a48759,1,2026-10-02 19:22:07.24,35.350662,-111.241436,39150,10.78,false
a48759,1,2026-10-02 19:22:18.87,35.355194,-111.267471,38775,11.63,false
a48759,1,2026-10-02 19:22:30.52,35.359683,-111.293491,38425,11.65,false
a48759,1,2026-10-02 19:22:42.14,35.364152,-111.31932,38050,11.62,false
a48759,1,2026-10-02 19:22:53.61,35.368561,-111.345005,37675,11.47,false
a48759,1,2026-10-02 19:23:04.54,35.372764,-111.36946,37300,10.93,false
a48759,1,2026-10-02 19:23:15.8,35.377094,-111.394764,36925,11.26,false
a48759,1,2026-10-02 19:23:27.1,35.381561,-111.42065,36550,11.3,false
a48759,1,2026-10-02 19:23:38.55,35.386093,-111.447144,36175,11.45,false
a48759,1,2026-10-02 19:23:49.13,35.390408,-111.472369,35800,10.58,false
a48759,1,2026-10-02 19:23:59.13,35.394424,-111.496067,35425,10.0,false
a48759,1,2026-10-02 19:24:09.13,35.398601,-111.520522,35050,10.0,false
a48759,1,2026-10-02 19:24:19.87,35.40303,-111.546707,34675,10.74,false
a48759,1,2026-10-02 19:24:29.78,35.407242,-111.571484,34300,9.91,false
a48759,1,2026-10-02 19:24:40.46,35.411682,-111.59766,33925,10.68,false
a48759,1,2026-10-02 19:24:50.12,35.415872,-111.622204,33550,9.66,false
a48759,1,2026-10-02 19:25:00.2,35.420151,-111.647644,33175,10.08,false
a48759,1,2026-10-02 19:25:10.51,35.424545,-111.673508,32800,10.31,false
a48759,1,2026-10-02 19:25:20.66,35.42894,-111.699486,32425,10.15,false
a48759,1,2026-10-02 19:25:29.78,35.432817,-111.722834,32050,9.12,false
a48759,1,2026-10-02 19:25:40.13,35.437332,-111.749599,31675,10.35,false
a48759,1,2026-10-02 19:25:50.01,35.441569,-111.775019,31300,9.88,false
a48759,1,2026-10-02 19:25:59.35,35.445648,-111.799164,30925,9.34,false
a48759,1,2026-10-02 19:26:08.9,35.449814,-111.82394,30550,9.55,false
a48759,1,2026-10-02 19:26:19.59,35.454324,-111.850989,30175,10.69,false
a48759,1,2026-10-02 19:26:28,35.457443,-111.871909,30000,8.41,false
a48759,1,2026-10-02 19:26:38.78,35.460655,-111.898206,29950,10.78,false
a48759,1,2026-10-02 19:26:58.48,35.466339,-111.945248,30000,19.7,false
a48759,1,2026-10-02 19:27:18.16,35.472247,-111.992584,30000,19.68,false
a48759,1,2026-10-02 19:27:38.01,35.478424,-112.040977,30000,19.85,false
a48759,1,2026-10-02 19:27:57.91,35.484629,-112.089941,30000,19.9,false
a48759,1,2026-10-02 19:28:17.7,35.490784,-112.138824,30000,19.79,false
a48759,1,2026-10-02 19:28:37.53,35.497012,-112.188643,30000,19.83,false
a48759,1,2026-10-02 19:28:57.18,35.503157,-112.237964,30000,19.65,false
a48759,1,2026-10-02 19:29:16.63,35.509277,-112.287197,29825,19.45,false
a48759,1,2026-10-02 19:29:31.5,35.513864,-112.324336,29550,14.87,false
a48759,1,2026-10-02 19:29:46.26,35.518295,-112.360497,29275,14.76,false
a48759,1,2026-10-02 19:30:01.07,35.522736,-112.396488,29000,14.81,false
a48759,1,2026-10-02 19:30:17.76,35.527644,-112.436712,28725,16.69,false
a48759,1,2026-10-02 19:30:29.48,35.530975,-112.464352,28550,11.72,false
a48759,1,2026-10-02 19:30:40.84,35.534161,-112.490358,28350,11.36,false
a48759,1,2026-10-02 19:30:52.87,35.537476,-112.517509,28150,12.03,false
a48759,1,2026-10-02 19:31:09.27,35.541824,-112.553387,27900,16.4,false
a48759,1,2026-10-02 19:31:25.51,35.546036,-112.588406,27625,16.24,false
a48759,1,2026-10-02 19:31:41.54,35.550156,-112.622795,27375,16.03,false
a48759,1,2026-10-02 19:31:57.43,35.554225,-112.65673,27100,15.89,false
a48759,1,2026-10-02 19:32:13.65,35.558395,-112.691288,26825,16.22,false
a48759,1,2026-10-02 19:32:29.9,35.562515,-112.725506,26575,16.25,false
a48759,1,2026-10-02 19:32:45.26,35.56636,-112.757835,26300,15.36,false
a48759,1,2026-10-02 19:33:01.68,35.570425,-112.791897,26025,16.42,false
a48759,1,2026-10-02 19:33:17.66,35.574371,-112.82547,25775,15.98,false
a48759,1,2026-10-02 19:33:21.37,35.574894,-112.833271,25725,3.71,false
a48759,1,2026-10-02 19:33:24.45,35.574966,-112.839775,25650,3.08,false
a48759,1,2026-10-02 19:33:27.5,35.574615,-112.845836,25600,3.05,false
a48759,1,2026-10-02 19:33:30.6,35.573777,-112.852498,25550,3.1,false
a48759,1,2026-10-02 19:33:33.99,35.572334,-112.859452,25500,3.39,false
a48759,1,2026-10-02 19:33:37.48,35.570435,-112.86644,25425,3.49,false
a48759,1,2026-10-02 19:33:42.49,35.567184,-112.876225,25350,5.01,false
a48759,1,2026-10-02 19:33:54.51,35.558762,-112.899227,25200,12.02,false
a48759,1,2026-10-02 19:34:10.63,35.547289,-112.929869,24925,16.12,false
a48759,1,2026-10-02 19:34:26.01,35.536256,-112.959205,24650,15.38,false
a48759,1,2026-10-02 19:34:41.25,35.525456,-112.988132,24375,15.24,false
a48759,1,2026-10-02 19:34:58.17,35.513535,-113.020306,24100,16.92,false
a48759,1,2026-10-02 19:35:13.82,35.502599,-113.050193,23825,15.65,false
a48759,1,2026-10-02 19:35:30.25,35.491193,-113.081691,23575,16.43,false
a48759,1,2026-10-02 19:35:35.01,35.488214,-113.091158,23500,4.76,false
a48759,1,2026-10-02 19:35:38.77,35.486435,-113.09864,23425,3.76,false
a48759,1,2026-10-02 19:35:41.62,35.485336,-113.104877,23375,2.85,false
a48759,1,2026-10-02 19:35:44.85,35.484604,-113.111172,23300,3.23,false
a48759,1,2026-10-02 19:35:48.94,35.484257,-113.119909,23225,4.09,false
a48759,1,2026-10-02 19:35:52.38,35.48449,-113.127506,23150,3.44,false
a48759,1,2026-10-02 19:35:55.65,35.485142,-113.134285,23100,3.27,false
a48759,1,2026-10-02 19:35:58.43,35.486069,-113.140297,23050,2.78,false
a48759,1,2026-10-02 19:36:03.35,35.488261,-113.150297,23000,4.92,false
a48759,1,2026-10-02 19:36:10.72,35.49202,-113.165016,22900,7.37,false
a48759,1,2026-10-02 19:36:26.95,35.500717,-113.197174,22625,16.23,false
a48759,1,2026-10-02 19:36:42.34,35.509003,-113.227329,22350,15.39,false
a48759,1,2026-10-02 19:36:57.25,35.516968,-113.256454,22075,14.91,false
a48759,1,2026-10-02 19:37:13.13,35.525223,-113.286574,21800,15.88,false
a48759,1,2026-10-02 19:37:29.37,35.533696,-113.317605,21550,16.24,false
a48759,1,2026-10-02 19:37:41.49,35.540314,-113.341885,21325,12.12,false
a48759,1,2026-10-02 19:37:53.71,35.547134,-113.366661,21100,12.22,false
a48759,1,2026-10-02 19:38:06.24,35.554276,-113.392982,20850,12.53,false
a48759,1,2026-10-02 19:38:20.79,35.562791,-113.424079,20575,14.55,false
a48759,1,2026-10-02 19:38:36.21,35.571961,-113.457856,20275,15.42,false
a48759,1,2026-10-02 19:38:51.3,35.580872,-113.490543,19950,15.09,false
a48759,1,2026-10-02 19:39:07.32,35.589935,-113.524017,19650,16.02,false
a48759,1,2026-10-02 19:39:24.52,35.599686,-113.559952,19350,17.2,false
a48759,1,2026-10-02 19:39:39.98,35.608429,-113.592339,19050,15.46,false
a48759,1,2026-10-02 19:39:56.25,35.617813,-113.6269,18750,16.27,false
a48759,1,2026-10-02 19:40:10.94,35.626144,-113.657856,18450,14.69,false
a48759,1,2026-10-02 19:40:26.24,35.634947,-113.690439,18175,15.3,false
a48759,1,2026-10-02 19:40:41.03,35.643539,-113.722343,17875,14.79,false
a48759,1,2026-10-02 19:40:55.67,35.652008,-113.753757,17575,14.64,false
a48759,1,2026-10-02 19:41:09.22,35.659806,-113.782888,17275,13.55,false
a48759,1,2026-10-02 19:41:22.03,35.667207,-113.810295,16950,12.81,false
a48759,1,2026-10-02 19:41:32.62,35.673157,-113.832493,16700,10.59,false
a48759,1,2026-10-02 19:41:49.39,35.68229,-113.866512,16450,16.77,false
a48759,1,2026-10-02 19:42:05.39,35.690949,-113.898945,16175,16.0,false
a48759,1,2026-10-02 19:42:18.88,35.698288,-113.926392,15875,13.49,false
a48759,1,2026-10-02 19:42:34.61,35.706894,-113.958721,15600,15.73,false
a48759,1,2026-10-02 19:42:50.18,35.715482,-113.990927,15325,15.57,false
a48759,1,2026-10-02 19:43:05.55,35.724187,-114.023476,15025,15.37,false
a48759,1,2026-10-02 19:43:20.29,35.732574,-114.054852,14725,14.74,false
a48759,1,2026-10-02 19:43:26.9,35.736191,-114.068527,14600,6.61,false
a48759,1,2026-10-02 19:43:33.59,35.739782,-114.082031,14475,6.69,false
a48759,1,2026-10-02 19:43:38.7,35.742416,-114.09193,14375,5.11,false
a48759,1,2026-10-02 19:43:46.61,35.746346,-114.106867,14225,7.91,false
a48759,1,2026-10-02 19:43:55.08,35.750381,-114.122314,14075,8.47,false
a48759,1,2026-10-02 19:44:04.42,35.754912,-114.13895,14000,9.34,false
a48759,1,2026-10-02 19:44:10.62,35.75853,-114.149952,13925,6.2,false
a48759,1,2026-10-02 19:44:16.6,35.76236,-114.160046,13825,5.98,false
a48759,1,2026-10-02 19:44:28.31,35.77074,-114.179739,13600,11.71,false
a48759,1,2026-10-02 19:44:43.49,35.781647,-114.204826,13325,15.18,false
a48759,1,2026-10-02 19:44:54.61,35.789733,-114.223217,13150,11.12,false
a48759,1,2026-10-02 19:45:03.67,35.796295,-114.238071,13025,9.06,false
a48759,1,2026-10-02 19:45:19.29,35.807419,-114.263248,12750,15.62,false
a48759,1,2026-10-02 19:45:36.03,35.8192,-114.289895,12500,16.74,false
a48759,1,2026-10-02 19:45:41.54,35.823074,-114.298725,12400,5.51,false
a48759,1,2026-10-02 19:45:55.79,35.833166,-114.321393,12200,14.25,false
a48759,1,2026-10-02 19:46:01.95,35.837914,-114.33086,12100,6.16,false
a48759,1,2026-10-02 19:46:07.69,35.842621,-114.339294,12025,5.74,false
a48759,1,2026-10-02 19:46:16.69,35.850484,-114.352365,11875,9.0,false
a48759,1,2026-10-02 19:46:26.52,35.859049,-114.36639,11725,9.83,false
a48759,1,2026-10-02 19:46:35.31,35.866777,-114.378896,11575,8.79,false
a48759,1,2026-10-02 19:46:45.09,35.875351,-114.392681,11425,9.78,false
a48759,1,2026-10-02 19:46:55.63,35.884689,-114.407673,11275,10.54,false
a48759,1,2026-10-02 19:47:04.32,35.892381,-114.419978,11125,8.69,false
a48759,1,2026-10-02 19:47:14.8,35.901551,-114.434646,10975,10.48,false
a48759,1,2026-10-02 19:47:23.57,35.909279,-114.447034,10825,8.77,false
a48759,1,2026-10-02 19:47:32.99,35.917333,-114.460008,10675,9.42,false
a48759,1,2026-10-02 19:47:42.57,35.925386,-114.472922,10525,9.58,false
a48759,1,2026-10-02 19:47:50.57,35.93195,-114.483558,10425,8.0,false
a48759,1,2026-10-02 19:48:01.39,35.94104,-114.498138,10300,10.82,false
a48759,1,2026-10-02 19:48:10.88,35.948959,-114.510841,10175,9.49,false
a48759,1,2026-10-02 19:48:19.55,35.956343,-114.522712,10025,8.67,false
a48759,1,2026-10-02 19:48:27.93,35.963512,-114.534282,9875,8.38,false
a48759,1,2026-10-02 19:48:38.37,35.972214,-114.548435,9725,10.44,false
a48759,1,2026-10-02 19:48:48.51,35.980876,-114.562625,9575,10.14,false
a48759,1,2026-10-02 19:48:58.54,35.989256,-114.576241,9425,10.03,false
a48759,1,2026-10-02 19:49:08.72,35.997775,-114.59009,9275,10.18,false
a48759,1,2026-10-02 19:49:18.91,36.00618,-114.603767,9150,10.19,false
a48759,1,2026-10-02 19:49:28.08,36.013742,-114.615978,9000,9.17,false
a48759,1,2026-10-02 19:49:37.45,36.021516,-114.628601,8850,9.37,false
a48759,1,2026-10-02 19:49:47.54,36.029896,-114.642217,8700,10.09,false
a48759,1,2026-10-02 19:49:55.49,36.036209,-114.652805,8625,7.95,false
a48759,1,2026-10-02 19:50:01.73,36.040789,-114.661677,8525,6.24,false
a48759,1,2026-10-02 19:50:11.36,36.047446,-114.67541,8375,9.63,false
a48759,1,2026-10-02 19:50:20.84,36.054016,-114.689083,8225,9.48,false
a48759,1,2026-10-02 19:50:30.91,36.060928,-114.703445,8100,10.07,false
a48759,1,2026-10-02 19:50:36.32,36.064531,-114.711524,8025,5.41,false
a48759,1,2026-10-02 19:50:40.45,36.066812,-114.717602,7975,4.13,false
a48759,1,2026-10-02 19:50:44.32,36.068674,-114.723738,7900,3.87,false
a48759,1,2026-10-02 19:50:48,36.069931,-114.729465,7850,3.68,false
a48759,1,2026-10-02 19:50:50.7,36.07045,-114.733772,7800,2.7,false
a48759,1,2026-10-02 19:50:54.96,36.070908,-114.740627,7800,4.26,false
a48759,1,2026-10-02 19:51:04.97,36.071823,-114.756317,7775,10.01,false
a48759,1,2026-10-02 19:51:09.64,36.072305,-114.764002,7750,4.67,false
a48759,1,2026-10-02 19:51:18.31,36.073143,-114.778611,7600,8.67,false
a48759,1,2026-10-02 19:51:25.67,36.073746,-114.790821,7425,7.36,false
a48759,1,2026-10-02 19:51:32.96,36.074158,-114.802723,7225,7.29,false
a48759,1,2026-10-02 19:51:39.52,36.0744,-114.813791,7025,6.56,false
a48759,1,2026-10-02 19:51:41.62,36.074478,-114.8172,6950,2.1,false
a48759,1,2026-10-02 19:51:44.53,36.074539,-114.821972,6875,2.91,false
a48759,1,2026-10-02 19:51:46.45,36.07457,-114.825096,6800,1.92,false
a48759,1,2026-10-02 19:51:48.51,36.074539,-114.828576,6725,2.06,false
a48759,1,2026-10-02 19:51:51.08,36.074539,-114.832491,6650,2.57,false
a48759,1,2026-10-02 19:51:52.94,36.074539,-114.835705,6575,1.86,false
a48759,1,2026-10-02 19:51:55.45,36.074524,-114.839802,6500,2.51,false
a48759,1,2026-10-02 19:51:57.43,36.074524,-114.843006,6425,1.98,false
a48759,1,2026-10-02 19:52:00.51,36.074446,-114.847977,6325,3.08,false
a48759,1,2026-10-02 19:52:02.97,36.0744,-114.851834,6250,2.46,false
a48759,1,2026-10-02 19:52:05.07,36.074341,-114.855194,6175,2.1,false
a48759,1,2026-10-02 19:52:07.3,36.074295,-114.858685,6100,2.23,false
a48759,1,2026-10-02 19:52:09.85,36.074203,-114.862804,6025,2.55,false
a48759,1,2026-10-02 19:52:11.89,36.074158,-114.865952,5950,2.04,false
a48759,1,2026-10-02 19:52:14.83,36.07402,-114.870586,5875,2.94,false
a48759,1,2026-10-02 19:52:16.9,36.073975,-114.873676,5800,2.07,false
a48759,1,2026-10-02 19:52:19.86,36.073837,-114.878311,5725,2.96,false
a48759,1,2026-10-02 19:52:22.42,36.073746,-114.882259,5650,2.56,false
a48759,1,2026-10-02 19:52:25.25,36.073655,-114.886371,5575,2.83,false
a48759,1,2026-10-02 19:52:27.72,36.073608,-114.890286,5500,2.47,false
a48759,1,2026-10-02 19:52:30.99,36.073517,-114.895248,5425,3.27,false
a48759,1,2026-10-02 19:52:33.72,36.073425,-114.899082,5350,2.73,false
a48759,1,2026-10-02 19:52:37.12,36.073334,-114.904118,5275,3.4,false
a48759,1,2026-10-02 19:52:40.35,36.073236,-114.908928,5200,3.23,false
a48759,1,2026-10-02 19:52:43.51,36.073196,-114.913387,5125,3.16,false
a48759,1,2026-10-02 19:52:46.54,36.073151,-114.917679,5050,3.03,false
a48759,1,2026-10-02 19:52:49.63,36.073151,-114.922199,4975,3.09,false
a48759,1,2026-10-02 19:52:53.5,36.073151,-114.927578,4900,3.87,false
a48759,1,2026-10-02 19:52:56.91,36.073143,-114.93242,4825,3.41,false
a48759,1,2026-10-02 19:53:00.39,36.073151,-114.937305,4750,3.48,false
a48759,1,2026-10-02 19:53:04.6,36.073189,-114.94288,4675,4.21,false
a48759,1,2026-10-02 19:53:08.68,36.073236,-114.948549,4600,4.08,false
a48759,1,2026-10-02 19:53:13.38,36.073283,-114.954685,4525,4.7,false
a48759,1,2026-10-02 19:53:17.73,36.073329,-114.96047,4450,4.35,false
a48759,1,2026-10-02 19:53:21.02,36.073334,-114.964828,4375,3.29,false
a48759,1,2026-10-02 19:53:25.16,36.073376,-114.970112,4300,4.14,false
a48759,1,2026-10-02 19:53:29.29,36.073469,-114.975138,4250,4.13,false
a48759,1,2026-10-02 19:53:34.6,36.073563,-114.981937,4200,5.31,false
a48759,1,2026-10-02 19:53:37.98,36.073608,-114.986057,4125,3.38,false
a48759,1,2026-10-02 19:53:43.64,36.073655,-114.992611,4050,5.66,false
a48759,1,2026-10-02 19:53:47.63,36.073654,-114.997387,3975,3.99,false
a48759,1,2026-10-02 19:53:51.15,36.0737,-115.001335,3900,3.52,false
a48759,1,2026-10-02 19:53:54.88,36.0737,-115.005684,3825,3.73,false
a48759,1,2026-10-02 19:53:59.1,36.073746,-115.010433,3750,4.22,false
a48759,1,2026-10-02 19:54:02.8,36.073746,-115.01461,3675,3.7,false
a48759,1,2026-10-02 19:54:07.17,36.073702,-115.0192,3600,4.37,false
a48759,1,2026-10-02 19:54:11.02,36.0737,-115.023251,3525,3.85,false
a48759,1,2026-10-02 19:54:15.04,36.0737,-115.027256,3475,4.02,false
a48759,1,2026-10-02 19:54:19.02,36.073655,-115.031063,3425,3.98,false
a48759,1,2026-10-02 19:54:22.88,36.073608,-115.034752,3375,3.86,false
a48759,1,2026-10-02 19:54:26.82,36.073608,-115.038357,3325,3.94,false
a48759,1,2026-10-02 19:54:31.22,36.073608,-115.042166,3250,4.4,false
a48759,1,2026-10-02 19:54:35.57,36.073608,-115.045965,3175,4.35,false
a48759,1,2026-10-02 19:54:41.54,36.073608,-115.05099,3100,5.97,false
a48759,1,2026-10-02 19:54:47.23,36.073608,-115.055724,3025,5.69,false
a48759,1,2026-10-02 19:54:52.98,36.073608,-115.060787,2950,5.75,false
a48759,1,2026-10-02 19:54:57.87,36.073654,-115.06485,2875,4.89,false
a48759,1,2026-10-02 19:55:04.46,36.073654,-115.0704,2800,6.59,false
a48759,1,2026-10-02 19:55:10.96,36.073655,-115.075768,2725,6.5,false
a48759,1,2026-10-02 19:55:16.7,36.073654,-115.080414,2650,5.74,false
a48759,1,2026-10-02 19:55:23.78,36.073655,-115.086228,2575,7.08,false
a48759,1,2026-10-02 19:55:29.53,36.073702,-115.090845,2500,5.75,false
a48759,1,2026-10-02 19:55:35.59,36.073655,-115.095462,2425,6.06,false
a48759,1,2026-10-02 19:55:42.12,36.073608,-115.100546,2375,6.53,false
a48759,1,2026-10-02 19:55:42.6,36.073608,-115.100838,2375,0.48,false
a48759,1,2026-10-02 19:55:43.1,36.073608,-115.101305,2375,0.5,false
a48759,1,2026-10-02 19:55:43.64,36.073608,-115.1017,2350,0.54,false
a48759,1,2026-10-02 19:55:44.17,36.073608,-115.101986,2350,0.53,false
a48759,1,2026-10-02 19:55:44.59,36.073608,-115.102444,2350,0.42,false
a48759,1,2026-10-02 19:55:45.18,36.073608,-115.102825,2325,0.59,false
a48759,1,2026-10-02 19:55:45.68,36.073654,-115.103245,2325,0.5,false
a48759,1,2026-10-02 19:55:46.17,36.073655,-115.103584,2325,0.49,false
a48759,1,2026-10-02 19:55:46.65,36.073654,-115.103989,2325,0.48,false
a48759,1,2026-10-02 19:55:47.13,36.073655,-115.104344,2300,0.48,false
a48759,1,2026-10-02 19:55:47.66,36.073654,-115.104733,2300,0.53,false
a48759,1,2026-10-02 19:55:48.27,36.073654,-115.10519,2300,0.61,false
a48759,1,2026-10-02 19:55:48.65,36.073654,-115.105534,2275,0.38,false
a48759,1,2026-10-02 19:55:49.1,36.073654,-115.10582,2275,0.45,false
a48759,1,2026-10-02 19:55:49.63,36.073654,-115.106277,2275,0.53,false
a48759,1,2026-10-02 19:55:50.15,36.073655,-115.106682,2275,0.52,false
a48759,1,2026-10-02 19:55:50.64,36.073655,-115.106974,2275,0.49,false
a48759,1,2026-10-02 19:55:51.12,36.073654,-115.107365,2275,0.48,false
a48759,1,2026-10-02 19:55:51.62,36.0737,-115.107822,2250,0.5,false
a48759,1,2026-10-02 19:55:52.17,36.073702,-115.108201,2250,0.55,false
a48759,1,2026-10-02 19:55:52.78,36.073702,-115.10861,2250,0.61,false
a48759,1,2026-10-02 19:55:53.28,36.0737,-115.109024,2250,0.5,false
a48759,1,2026-10-02 19:55:53.91,36.0737,-115.109482,2225,0.63,false
a48759,1,2026-10-02 19:55:54.34,36.073702,-115.109837,2225,0.43,false
a48759,1,2026-10-02 19:55:54.69,36.073702,-115.110129,2225,0.35,false
a48759,1,2026-10-02 19:55:55.17,36.073702,-115.110422,2225,0.48,false
a48759,1,2026-10-02 19:55:55.67,36.0737,-115.110798,2225,0.5,false
a48759,1,2026-10-02 19:55:56.22,36.0737,-115.111256,2200,0.55,false
a48759,1,2026-10-02 19:55:56.7,36.0737,-115.111542,2200,0.48,false
a48759,1,2026-10-02 19:55:57.23,36.073746,-115.112,2200,0.53,false
a48759,1,2026-10-02 19:55:57.72,36.073702,-115.11235,2200,0.49,false
a48759,1,2026-10-02 19:55:58.32,36.0737,-115.112743,2175,0.6,false
a48759,1,2026-10-02 19:55:58.75,36.073702,-115.11311,2175,0.43,false
a48759,1,2026-10-02 19:55:59.44,36.0737,-115.113487,2175,0.69,false
a48759,1,2026-10-02 19:55:59.69,36.0737,-115.113773,2175,0.25,false
a48759,1,2026-10-02 19:56:00.28,36.073702,-115.114162,2150,0.59,false
a48759,1,2026-10-02 19:56:00.67,36.0737,-115.114517,2150,0.39,false
a48759,1,2026-10-02 19:56:00.99,36.0737,-115.114803,2150,0.32,false
a48759,1,2026-10-02 19:56:01.59,36.073655,-115.115155,2150,0.6,false
a48759,1,2026-10-02 19:56:02.1,36.073654,-115.115547,2150,0.51,false
a48759,1,2026-10-02 19:56:02.57,36.073655,-115.115915,2125,0.47,false
a48759,1,2026-10-02 19:56:03.12,36.073654,-115.116291,2125,0.55,false
a48759,1,2026-10-02 19:56:03.62,36.073654,-115.116692,2125,0.5,false
a48759,1,2026-10-02 19:56:04.11,36.073654,-115.116978,2125,0.49,false
a48759,1,2026-10-02 19:56:04.49,36.073654,-115.117264,2125,0.38,false
a48759,1,2026-10-02 19:56:04.96,36.073608,-115.117668,2125,0.47,false
a48759,1,2026-10-02 19:56:05.56,36.073608,-115.118008,2125,0.6,false
a48759,1,2026-10-02 19:56:05.99,36.073608,-115.118369,2100,0.43,false
a48759,1,2026-10-02 19:56:06.48,36.073608,-115.118837,2100,0.49,false
a48759,1,2026-10-02 19:56:07.06,36.073608,-115.119152,2100,0.58,false
a48759,1,2026-10-02 19:56:07.66,36.073654,-115.11961,2100,0.6,false
a48759,1,2026-10-02 19:56:08.25,36.073655,-115.119947,2075,0.59,false
a48759,1,2026-10-02 19:56:08.64,36.073654,-115.120354,2075,0.39,false
a48759,1,2026-10-02 19:56:09.12,36.073655,-115.120707,2075,0.48,false
a48759,1,2026-10-02 19:56:09.62,36.073655,-115.120999,2075,0.5,false
a48759,1,2026-10-02 19:56:09.98,36.073655,-115.121291,2050,0.36,false
a48759,1,2026-10-02 19:56:10.44,36.073654,-115.121613,2050,0.46,false
a48759,1,2026-10-02 19:56:10.93,36.073654,-115.121899,2050,0.49,false
a48759,1,2026-10-02 19:56:11.42,36.073655,-115.122285,2050,0.49,false
a48759,1,2026-10-02 19:56:11.91,36.073654,-115.122643,2050,0.49,false
a48759,1,2026-10-02 19:56:12.35,36.073655,-115.122986,2025,0.44,false
a48759,1,2026-10-02 19:56:12.76,36.073655,-115.123278,2025,0.41,false
a48759,1,2026-10-02 19:56:13.22,36.073654,-115.123672,2025,0.46,false
a48759,1,2026-10-02 19:56:13.71,36.073655,-115.124038,2000,0.49,false
a48759,1,2026-10-02 19:56:14.26,36.073654,-115.124359,2000,0.55,false
a48759,1,2026-10-02 19:56:14.86,36.073655,-115.124739,2000,0.6,false
a48759,1,2026-10-02 19:56:15.35,36.073654,-115.125103,2000,0.49,false
a48759,1,2026-10-02 19:56:15.79,36.073655,-115.12544,1975,0.44,false
a48759,1,2026-10-02 19:56:16.29,36.073654,-115.125847,1975,0.5,false
a48759,1,2026-10-02 19:56:16.66,36.073654,-115.126133,1975,0.37,false
a48759,1,2026-10-02 19:56:17.32,36.073654,-115.126534,1975,0.66,false
a48759,1,2026-10-02 19:56:17.65,36.073654,-115.12682,1975,0.33,false
a48759,1,2026-10-02 19:56:18.09,36.073654,-115.127106,1950,0.44,false
a48759,1,2026-10-02 19:56:18.58,36.073655,-115.127486,1950,0.49,false
a48759,1,2026-10-02 19:56:19.12,36.073655,-115.127895,1950,0.54,false
a48759,1,2026-10-02 19:56:19.78,36.073654,-115.128307,1950,0.66,false
a48759,1,2026-10-02 19:56:20.77,36.073654,-115.128994,1950,0.99,false
a48759,1,2026-10-02 19:56:21.2,36.073655,-115.129356,1925,0.43,false
a48759,1,2026-10-02 19:56:21.91,36.073655,-115.129823,1925,0.71,false
a48759,1,2026-10-02 19:56:22.79,36.073654,-115.130424,1925,0.88,false
a48759,1,2026-10-02 19:56:23.19,36.073654,-115.130711,1925,0.4,false
a48759,1,2026-10-02 19:56:23.72,36.073655,-115.131109,1925,0.53,false
a48759,1,2026-10-02 19:56:24.16,36.073655,-115.131342,1925,0.44,false
a48759,1,2026-10-02 19:56:24.6,36.073655,-115.13181,1925,0.44,false
a48759,1,2026-10-02 19:56:25.74,36.073654,-115.132542,1925,1.14,false
a48759,1,2026-10-02 19:56:26.18,36.073655,-115.132862,1925,0.44,false
a48759,1,2026-10-02 19:56:26.83,36.073655,-115.133271,1925,0.65,false
a48759,1,2026-10-02 19:56:27.26,36.073654,-115.133572,1925,0.43,false
a48759,1,2026-10-02 19:56:27.7,36.073654,-115.133801,1925,0.44,false
a48759,1,2026-10-02 19:56:28.11,36.073654,-115.134029,1925,0.41,false
a48759,1,2026-10-02 19:56:28.79,36.073654,-115.13443,1925,0.68,false
a48759,1,2026-10-02 19:56:29.25,36.073655,-115.134732,1925,0.46,false
